,Rewards Steps
0,-75.0
1,107.0
2,-67.29
3,0.0
4,-114.0
5,83.0
6,-129.0
7,207.0
8,65.44000000000001
9,60.02
10,19.8
11,2.0
12,-252.0
13,114.0
14,1.9099999999999948
15,-64.0
16,54.0
17,0.0
18,165.0
19,119.30999999999999
20,3.1999999999999997
21,107.0
22,16.439999999999994
23,-122.0
24,-3.0
25,-19.0
26,110.0
27,-32.400000000000006
28,0.0
29,-31.0
30,-123.0
31,-180.0
32,-133.0
33,-43.0
34,10.0
35,-26.0
36,-229.0
37,7.0
38,-348.0
39,26.0
40,-30.0
41,-97.0
42,72.1
43,36.989999999999995
44,-147.0
45,-50.0
46,-222.0
47,33.0
48,-150.0
49,-179.0
50,-132.0
51,-315.0
52,-84.0
53,11.0
54,-33.0
55,-96.0
56,-9.0
57,29.0
58,-9.0
59,8.0
60,-141.0
61,67.0
62,142.0
63,-113.66000000000001
64,94.07999999999998
65,99.96999999999998
66,-13.25
67,103.77999999999999
68,-27.540000000000003
69,64.74000000000001
70,-199.75
71,2.0
72,-69.0
73,-151.0
74,10.0
75,-180.0
76,-189.0
77,-6.0
78,221.0
79,17.04
80,-194.16
81,-231.0
82,-206.0
83,-129.0
84,91.0
85,-105.64
86,100.24
87,-183.18
88,231.34
89,45.63
90,-5.0
91,176.0
92,110.0
93,52.88
94,-77.5
95,21.34999999999998
96,47.99
97,-173.01999999999998
98,-189.0
99,-120.0
100,-162.0
101,15.0
102,-338.0
103,150.0
104,-16.900000000000006
105,94.07
106,-66.42000000000002
107,24.700000000000003
108,-404.0
109,-92.0
110,-21.0
111,-86.0
112,-399.0
113,-80.0
114,-360.0
115,-7.0
116,-171.0
117,-13.0
118,-176.0
119,142.0
120,52.2
121,243.6
122,57.52
123,125.6
124,147.69
125,-43.0
126,-8.0
127,35.0
128,-189.0
129,-243.0
130,-26.0
131,48.87
132,73.0
133,-135.92000000000002
134,-340.0
135,25.0
136,-267.0
137,-60.0
138,68.0
139,-251.68999999999997
140,3.0
141,-195.0
142,-3.0
143,-374.0
144,108.0
145,-55.43999999999999
146,-415.0
147,-330.0
148,-415.0
149,-24.0
150,-380.0
151,-116.0
152,-69.0
153,28.0
154,-220.0
155,-195.0
156,12.0
157,-82.99999999999999
158,-231.0
159,-234.0
160,-154.0
161,-300.0
162,-284.0
163,-225.0
164,56.0
165,-336.0
166,-81.0
167,-201.0
168,-93.0
169,-3.0
170,-139.0
171,194.0
172,-137.5
173,48.1
174,-4.0
175,-3.0
176,8.0
177,0.0
178,-234.0
179,-13.0
180,-284.81
181,59.0
182,15.199999999999996
183,-201.0
184,-318.0
185,-46.0
186,151.0
187,-64.67999999999999
188,140.0
189,-149.16000000000003
190,173.41
191,104.98
192,-15.000000000000007
193,131.0
194,152.65
195,-63.0
196,-191.0
197,-156.0
198,-83.0
199,-199.0
200,62.0
201,-222.0
202,110.0
203,45.93
204,-138.0
205,-352.0
206,-3.0
207,-36.0
208,88.0
209,-211.0
210,-49.0
211,-309.0
212,-255.0
213,-3.0
214,-142.0
215,1.0
216,113.0
217,-149.83
218,-392.0
219,12.0
220,2.0000000000000053
221,-324.0
222,-193.0
223,-210.0
224,-182.0
225,-110.0
226,-212.51999999999998
227,54.0
228,-147.0
229,-26.0
230,0.0
231,-399.0
232,-134.0
233,-15.0
234,-159.0
235,-309.0
236,-366.0
237,-19.0
238,182.0
239,79.77000000000001
240,-48.89999999999999
241,-107.67999999999999
242,-175.0
243,-60.0
244,102.0
245,21.0
246,139.0
247,-50.48000000000001
248,40.0
249,-113.0
250,-42.0
251,-306.0
252,-146.0
253,229.0
254,14.129999999999995
255,57.65
256,-25.0
257,124.0
258,-224.39999999999998
259,8.0
260,-249.0
261,-87.0
262,-80.0
263,-143.37
264,60.0
265,6.029999999999993
266,-12.0
267,10.0
268,0.0
269,-14.0
270,-387.0
271,41.0
272,-273.0
273,-103.0
274,-168.0
275,-288.0
276,74.0
277,-52.0
278,-34.0
279,3.0
280,-79.0
281,-7.049999999999994
282,-77.0
283,-17.0
284,-148.0
285,-416.0
286,-141.0
287,-99.0
288,150.0
289,-167.45
290,-215.22
291,-9.0
292,-225.04999999999998
293,104.0
294,-146.35999999999999
295,-247.0
296,-9.0
297,14.0
298,-66.0
299,95.0
300,-71.15
301,-74.34
302,-172.0
303,-51.0
304,13.0
305,28.0
306,-39.0
307,-135.0
308,-36.0
309,78.0
310,-139.0
311,-156.0
312,-42.0
313,-358.0
314,-312.0
315,-180.0
316,-67.0
317,-9.499999999999993
318,-210.0
319,1.0
320,59.0
321,-88.0
322,-243.0
323,70.0
324,-3.0
325,19.0
326,73.4
327,89.16
328,-11.200000000000003
329,-150.6
330,-37.0
331,-150.0
332,-202.0
333,92.0
334,-163.20999999999998
335,-363.2
336,-179.0
337,-34.0
338,-165.0
339,-410.0
340,-76.0
341,-374.0
342,-52.0
343,8.0
344,-279.0
345,-67.0
346,85.0
347,-291.44
348,-15.0
349,-168.0
350,0.0
351,77.0
352,-99.0
353,-6.0
354,-4.0
355,20.0
356,-27.0
357,-42.0
358,-192.0
359,-69.0
360,-267.0
361,-270.0
362,-321.0
363,-105.0
364,-142.0
365,55.0
366,21.0
367,-159.0
368,-24.0
369,-24.0
370,98.0
371,-50.75
372,-282.5
373,-96.0
374,-219.0
375,-262.0
376,203.0
377,80.92
378,-53.14
379,115.72
380,-140.0
381,-79.0
382,126.0
383,-48.85
384,-187.0
385,166.0
386,48.120000000000005
387,-97.35000000000001
388,-129.0
389,-84.0
390,50.0
391,184.0
392,88.74
393,-40.329999999999984
394,-226.35999999999999
395,-3.0
396,85.0
397,270.0
398,15.599999999999998
399,-294.0
400,47.0
401,-15.0
402,-20.0
403,-63.0
404,-222.0
405,-42.0
406,-24.0
407,232.0
408,56.84
409,119.15
410,18.750000000000007
411,-48.0
412,115.0
413,-353.28
414,252.0
415,-54.52
416,54.0
417,-112.0
418,-100.0
419,-118.0
420,-83.0
421,-219.0
422,273.0
423,-24.520000000000003
424,-62.760000000000005
425,-157.44
426,-147.68
427,-131.0
428,213.0
429,-48.06000000000001
430,-112.83999999999997
431,-148.0
432,-7.0
433,-72.0
434,-69.0
435,-230.0
436,-41.0
437,176.0
438,-43.9
439,-273.0
440,-87.0
441,-20.0
442,5.0
443,-33.0
444,-33.0
445,-153.0
446,-76.0
447,10.0
448,-23.0
449,8.0
450,71.0
451,-68.24999999999999
452,-27.0
453,40.0
454,-194.0
455,93.0
456,-4.190000000000005
457,156.0
458,16.750000000000007
459,-133.0
460,-6.0
461,2.0
462,-19.0
463,-186.0
464,-370.0
465,-60.0
466,-43.0
467,40.0
468,-262.0
469,-120.0
470,-10.0
471,-219.32
472,68.0
473,120.7
474,-17.460000000000008
475,36.16000000000001
476,142.72
477,75.4
478,117.61999999999999
479,-271.0
480,-217.0
481,87.0
482,-12.039999999999996
483,-223.0
484,-246.0
485,-127.0
486,-178.0
487,140.0
488,3.999999999999993
489,160.0
490,9.669999999999995
491,-39.12
492,-179.0
493,24.0
494,-180.0
495,-121.0
496,38.0
497,142.26
498,6.0
499,-187.0
500,27.0
501,-222.0
502,-2.0
503,112.0
504,42.02
505,69.0
506,-24.0
507,-306.0
508,-24.0
509,-33.0
510,0.0
511,272.0
512,38.58
513,-377.0
514,-41.0
515,-177.0
516,-51.0
517,120.0
518,3.5999999999999943
519,68.82
520,79.73
521,33.45
522,131.14000000000001
523,-354.0
524,-60.0
525,-163.0
526,-54.0
527,-114.0
528,-85.0
529,-96.0
530,-56.0
531,-36.0
532,-63.0
533,-132.0
534,-244.0
535,-211.0
536,-274.0
537,38.0
538,89.0
539,-324.09
540,-125.0
541,-387.0
542,-131.0
543,-147.0
544,51.0
545,-273.78000000000003
546,-258.0
547,-76.0
548,-12.840000000000003
549,102.47999999999999
550,-200.0
551,12.0
552,-21.0
553,-252.0
554,112.0
555,-147.04999999999998
556,-1.0
557,6.0
558,-360.0
559,0.0
560,-82.0
561,-70.0
562,-303.0
563,-27.0
564,-9.0
565,-130.0
566,-211.0
567,-254.0
568,-315.0
569,-91.0
570,-68.0
571,94.0
572,58.94
573,-237.0
574,-201.0
575,-276.0
576,41.0
577,-193.0
578,-207.0
579,-37.0
580,-2.0
581,-363.0
582,-39.0
583,175.83999999999997
584,62.4
585,-375.0
586,-75.0
587,-99.0
588,0.0
589,61.0
590,106.44
591,172.3
592,-20.440000000000005
593,-95.60000000000001
594,97.0
595,-36.0
596,-197.0
597,-277.0
598,-141.0
599,-249.0
600,-9.0
601,-329.0
602,46.0
603,187.0
604,97.92
605,-55.890000000000015
606,-103.68999999999998
607,-55.0
608,52.0
609,-3.219999999999999
610,180.0
611,33.17999999999999
612,-195.0
613,-9.0
614,-9.0
615,-78.0
616,26.0
617,-150.35999999999999
618,-3.0
619,-276.0
620,-83.0
621,-408.0
622,129.0
623,-153.95000000000002
624,58.33
625,-231.0
626,-5.0
627,16.24000000000001
628,62.95
629,-65.0
630,41.0
631,2.0
632,34.0
633,-21.0
634,-21.0
635,-35.0
636,-21.0
637,-167.0
638,-321.0
639,184.0
640,-101.10000000000001
641,-264.11999999999995
642,-6.0
643,221.0
644,14.199999999999996
645,-38.67999999999999
646,-315.0
647,-82.0
648,-156.17999999999998
649,-90.0
650,-175.0
651,-64.0
652,-284.92
653,160.0
654,102.1
655,41.489999999999995
656,-336.0
657,-129.0
658,-376.0
659,28.0
660,-432.0
661,-250.0
662,130.0
663,-110.1
664,108.0
665,-50.47999999999999
666,87.34
667,-169.0
668,-30.0
669,-264.0
670,-229.0
671,117.0
672,-81.9
673,-297.0
674,-251.0
675,-54.0
676,-215.0
677,-191.0
678,131.0
679,6.799999999999997
680,-99.86999999999998
681,-307.0
682,-99.0
683,-324.0
684,-412.0
685,-87.0
686,-44.0
687,-113.0
688,200.0
689,-117.24000000000001
690,47.44
691,37.519999999999996
692,125.24000000000001
693,144.17
694,66.92
695,-155.0
696,30.0
697,-294.0
698,-13.0
699,-87.0
700,-183.0
701,-222.0
702,-174.0
703,-156.0
704,-27.0
705,0.0
706,-93.0
707,-126.0
708,-72.0
709,238.0
710,28.069999999999993
711,159.62
712,-84.0
713,-133.0
714,40.0
715,-113.0
716,-105.0
717,-102.0
718,-312.0
719,-30.0
720,-252.0
721,-276.0
722,-122.0
723,-5.0
724,139.11
725,-97.72
726,-81.94
727,-213.0
728,263.0
729,119.53999999999999
730,-247.59
731,30.0
732,-303.0
733,-357.0
734,-267.0
735,148.0
736,112.26
737,81.04000000000002
738,-211.28000000000003
739,18.0
740,-319.0
741,0.0
742,3.4400000000000013
743,-129.0
744,-258.0
745,-261.0
746,4.0
747,100.0
748,-76.32000000000001
749,-247.68
750,11.0
751,-150.0
752,93.0
753,-38.46000000000001
754,-272.0
755,190.0
756,8.960000000000008
757,145.34
758,55.430000000000014
759,-125.08
760,-72.48
761,-255.0
762,34.0
763,-166.0
764,-237.0
765,-60.0
766,-101.0
767,-98.0
768,-258.0
769,-135.0
770,181.0
771,-13.989999999999995
772,121.76
773,144.9
774,-31.0
775,25.0
776,110.0
777,-187.5
778,88.0
779,-176.0
780,-239.0
781,-231.0
782,-312.0
783,-145.0
784,-12.0
785,-228.0
786,-12.0
787,128.0
788,61.0
789,-354.0
790,-222.0
791,-209.0
792,-346.0
793,-430.0
794,49.0
795,-301.0
796,-85.0
797,-139.62
798,-276.0
799,-74.0
800,-394.0
801,24.0
802,5.0
803,-3.0
804,154.0
805,49.94
806,140.55
807,-45.0
808,128.0
809,-22.939999999999998
810,-231.0
811,-312.0
812,-201.0
813,128.0
814,-160.13
815,-210.0
816,-27.0
817,-36.0
818,-265.0
819,-362.0
820,-81.0
821,-3.0
822,244.0
823,33.839999999999996
824,-255.42000000000002
825,-305.0
826,-339.0
827,-318.0
828,-171.0
829,-46.0
830,16.389999999999997
831,-188.0
832,65.0
833,-258.0
834,-78.0
835,-64.0
836,-142.0
837,-147.0
838,125.0
839,50.68000000000001
840,55.970000000000006
841,-347.84000000000003
842,-323.0
843,3.0
844,14.810000000000002
845,-396.0
846,-134.0
847,16.0
848,157.77
849,-67.66000000000001
850,-248.26
851,-318.0
852,193.0
853,70.81
854,-52.720000000000006
855,-83.36
856,-199.0
857,-12.0
858,-5.0
859,-9.0
860,-43.0
861,10.0
862,-258.0
863,-71.0
864,23.0
865,166.0
866,58.24
867,-246.28
868,-313.0
869,-281.0
870,-223.0
871,-72.0
872,-211.0
873,-273.0
874,28.0
875,-144.0
876,-117.0
877,-360.0
878,-72.0
879,26.0
880,-160.0
881,-105.0
882,-236.0
883,69.0
884,-257.0
885,-371.0
886,-5.0
887,-362.0
888,104.0
889,-255.6
890,-3.0
891,-19.0
892,-2.0
893,-12.0
894,22.38
895,-146.0
896,-131.0
897,47.0
898,-303.0
899,-149.0
900,-51.0
901,-284.0
902,-195.0
903,-23.0
904,-248.84
905,-42.0
906,118.0
907,-30.0
908,12.0
909,-252.0
910,-42.0
911,-55.0
912,-320.0
913,-105.0
914,-335.0
915,-29.0
916,-87.0
917,-366.0
918,-110.0
919,-10.0
920,-3.0
921,-129.0
922,157.0
923,-7.699999999999989
924,-301.2
925,-236.0
926,56.0
927,-279.0
928,-15.0
929,-111.0
930,-90.0
931,-315.0
932,116.0
933,-226.40999999999997
934,-439.0
935,-360.0
936,-7.0
937,-181.99999999999997
938,22.0
939,50.720000000000006
940,-12.709999999999994
941,-155.0
942,-171.0
943,-363.0
944,-315.0
945,66.0
946,-190.2
947,-328.0
948,-144.0
949,-45.0
950,-15.0
951,198.0
952,39.269999999999996
953,-190.18
954,158.0
955,-135.52
956,-241.84000000000003
957,-132.0
958,0.0
959,-142.0
960,-216.0
961,-103.0
962,-66.0
963,-324.0
964,-42.0
965,-268.0
966,-50.0
967,2.0
968,-271.0
969,-34.0
970,-367.0
971,49.0
972,-163.34
973,131.0
974,27.52
975,2.0
976,88.0
977,-16.0
978,-169.0
979,-109.0
980,42.0
981,-102.51999999999998
982,183.23
983,101.23
984,13.030000000000001
985,19.72
986,-180.0
987,-225.0
988,158.0
989,95.38000000000001
990,11.11999999999999
991,-74.0
992,-279.0
993,-69.0
994,-105.0
995,-54.0
996,-12.0
997,-387.0
998,-36.0
999,-382.0
1000,-322.0
1001,-125.0
1002,-33.0
1003,-392.0
1004,-397.0
1005,-55.0
1006,-3.0
1007,253.0
1008,88.2
1009,86.82000000000001
1010,50.92000000000001
1011,-75.72
1012,-60.0
1013,-215.0
1014,-23.0
1015,-183.0
1016,-297.0
1017,-9.0
1018,-22.0
1019,-65.98
1020,-36.0
1021,-233.0
1022,268.0
1023,89.44000000000001
1024,42.25
1025,0.0
1026,126.0
1027,1.2399999999999949
1028,-15.0
1029,-30.0
1030,0.0
1031,-104.0
1032,-330.0
1033,176.0
1034,-156.96
1035,-261.0
1036,2.0
1037,-243.0
1038,0.0
1039,-51.0
1040,-178.0
1041,0.0
1042,-90.0
1043,-39.0
1044,-435.0
1045,-246.0
1046,-6.0
1047,12.0
1048,14.0
1049,296.0
1050,42.96
1051,114.0
1052,86.52
1053,161.0
1054,-138.71
1055,-303.0
1056,34.0
1057,0.0
1058,-66.0
1059,0.0
1060,-328.0
1061,0.0
1062,-372.0
1063,-135.0
1064,-354.0
1065,-303.0
1066,-402.0
1067,-414.0
1068,-350.0
1069,-426.0
1070,288.0
1071,119.05999999999999
1072,-219.0
1073,208.0
1074,72.24000000000001
1075,-361.92
1076,0.0
1077,298.0
1078,56.28
1079,-217.0
1080,204.0
1081,101.75999999999999
1082,-12.0
1083,206.0
1084,56.59
1085,209.28
1086,-113.22
1087,-279.45000000000005
1088,236.0
1089,77.80000000000001
1090,248.0
1091,53.56
1092,212.0
1093,88.44000000000001
1094,0.0
1095,206.0
1096,95.13
1097,14.84
1098,224.0
1099,78.28
1100,-318.0
1101,-9.0
1102,-286.2
1103,218.0
1104,-88.57999999999998
1105,28.75
1106,236.0
1107,77.44
1108,0.0
1109,0.0
1110,-303.0
1111,0.0
1112,0.0
1113,230.0
1114,82.55
1115,242.0
1116,-89.61
1117,167.48000000000002
1118,65.95
1119,-50.4
1120,149.5
1121,0.0
1122,-309.0
1123,0.0
1124,-327.0
1125,204.0
1126,108.0
1127,0.0
1128,-60.0
1129,212.0
1130,95.92
1131,-336.0
1132,206.0
1133,-15.509999999999991
1134,87.2
1135,0.0
1136,-309.0
1137,212.0
1138,94.64
1139,0.0
1140,0.0
1141,-318.0
1142,218.0
1143,-137.76
1144,209.3
1145,61.36
1146,242.0
1147,59.739999999999995
1148,212.0
1149,-135.96
1150,-298.91999999999996
1151,-32.0
1152,203.84
1153,-98.6
1154,-276.12
1155,-363.0
1156,248.0
1157,93.75999999999999
1158,193.5
1159,0.0
1160,-309.0
1161,0.0
1162,218.0
1163,66.08000000000001
1164,10.349999999999996
1165,236.0
1166,82.27999999999999
1167,22.320000000000007
1168,0.0
1169,258.0
1170,55.44
1171,268.0
1172,31.079999999999995
1173,24.439999999999998
1174,218.0
1175,68.38000000000001
1176,186.3
1177,99.11999999999999
1178,41.13999999999999
1179,0.0
1180,-381.0
1181,0.0
1182,0.0
1183,268.0
1184,114.24
1185,46.919999999999995
1186,280.0
1187,127.8
1188,172.79999999999998
1189,290.0
1190,10.3
1191,-318.0
1192,-309.0
1193,0.0
1194,213.0
1195,94.08
1196,0.0
1197,-309.0
1198,0.0
1199,218.0
1200,91.83999999999999
1201,-345.0
1202,-309.0
1203,-318.0
1204,218.0
1205,91.83999999999999
1206,-345.0
1207,206.0
1208,99.22999999999999
1209,218.0
1210,84.46
1211,212.0
1212,90.64
1213,0.0
1214,-309.0
1215,212.0
1216,95.92
1217,224.0
1218,78.28
1219,212.0
1220,90.64
1221,202.0
1222,94.76
1223,212.0
1224,88.08
1225,212.0
1226,90.64
1227,212.0
1228,90.64
1229,212.0
1230,90.64
1231,212.0
1232,90.64
1233,212.0
1234,90.64
1235,212.0
1236,90.64
1237,204.0
1238,97.56
1239,0.0
1240,206.0
1241,99.64
1242,202.0
1243,100.94
1244,204.0
1245,72.91999999999999
1246,114.48
1247,218.0
1248,84.46
1249,212.0
1250,90.64
1251,212.0
1252,90.64
1253,0.0
1254,206.0
1255,99.64
1256,0.0
1257,206.0
1258,99.64
1259,218.0
1260,84.46
1261,212.0
1262,90.64
1263,212.0
1264,83.28
1265,25.480000000000004
1266,218.0
1267,84.0
1268,212.0
1269,86.24
1270,212.0
1271,90.64
1272,212.0
1273,90.64
1274,212.0
1275,90.64
1276,212.0
1277,90.64
1278,212.0
1279,90.64
1280,0.0
1281,206.0
1282,-10.810000000000002
1283,82.84
1284,224.0
1285,78.28
1286,0.0
1287,0.0
1288,32.0
1289,218.0
1290,91.83999999999999
1291,230.0
1292,72.1
1293,212.0
1294,90.64
1295,116.0
1296,189.52
1297,82.68
1298,218.0
1299,84.46
1300,4.0
1301,206.0
1302,99.64
1303,198.0
1304,105.06
1305,0.0
1306,0.0
1307,0.0
1308,-327.0
1309,224.0
1310,85.72
1311,2.0
1312,0.0
1313,0.0
1314,74.0
1315,0.0
1316,230.0
1317,82.6
1318,242.0
1319,61.42999999999999
1320,0.0
1321,106.0
1322,-308.46
1323,0.0
1324,224.0
1325,87.4
1326,0.0
1327,0.0
1328,196.0
1329,113.36
1330,0.0
1331,202.0
1332,103.41
1333,0.0
1334,0.0
1335,212.0
1336,95.92
1337,0.0
1338,0.0
1339,212.0
1340,94.64
1341,0.0
1342,10.0
1343,212.0
1344,95.60000000000001
1345,0.0
1346,0.0
1347,0.0
1348,0.0
1349,0.0
1350,0.0
1351,0.0
1352,0.0
1353,0.0
1354,0.0
1355,0.0
1356,0.0
1357,6.0
1358,0.0
1359,0.0
1360,-9.0
1361,0.0
1362,0.0
1363,0.0
1364,0.0
1365,44.0
1366,0.0
1367,298.0
1368,78.64
1369,26.0
1370,0.0
1371,0.0
1372,0.0
1373,68.0
1374,186.0
1375,102.57
1376,81.64
1377,0.0
1378,206.0
1379,68.07
1380,58.8
1381,192.45
1382,74.0
1383,58.120000000000005
1384,7.450000000000003
1385,0.0
1386,254.0
1387,80.11
1388,116.14
1389,130.4
1390,48.010000000000005
1391,0.0
1392,0.0
1393,212.0
1394,88.88
1395,32.269999999999996
1396,0.0
1397,0.0
1398,0.0
1399,0.0
1400,224.0
1401,82.92
1402,14.45
1403,0.0
1404,120.0
1405,10.599999999999998
1406,0.0
1407,0.0
1408,0.0
1409,0.0
1410,0.0
1411,0.0
1412,0.0
1413,0.0
1414,0.0
1415,0.0
1416,0.0
1417,276.0
1418,80.96000000000001
1419,8.0
1420,191.0
1421,68.5
1422,56.260000000000005
1423,196.24
1424,102.47999999999999
1425,38.25
1426,82.0
1427,164.0
1428,70.32
1429,128.79
1430,93.66
1431,85.96
1432,76.88
1433,95.28999999999999
1434,56.7
1435,134.0
1436,23.420000000000005
1437,0.0
1438,188.0
1439,71.39999999999999
1440,222.26
1441,104.14999999999999
1442,94.47999999999999
1443,105.36000000000001
1444,36.120000000000005
1445,166.0
1446,63.28
1447,140.64000000000001
1448,101.19999999999999
1449,75.6
1450,67.60000000000001
1451,183.04
1452,86.24
1453,93.17999999999999
1454,111.41
1455,70.23
1456,240.0
1457,65.5
1458,58.68
1459,63.040000000000006
1460,37.68
1461,124.0
1462,171.44
1463,63.69000000000001
1464,35.8
1465,128.0
1466,19.26
1467,102.0
1468,145.01999999999998
1469,43.839999999999996
1470,22.0
1471,62.0
1472,150.0
1473,56.0
1474,60.0
1475,62.0
1476,-203.0
1477,172.0
1478,103.36000000000001
1479,83.1
1480,54.89999999999999
1481,82.0
1482,146.0
1483,135.14
1484,82.0
1485,51.8
1486,160.0
1487,71.1
1488,280.44
1489,276.0
1490,34.96
1491,134.0
1492,133.73
1493,56.14999999999999
1494,110.8
1495,121.28
1496,96.92000000000002
1497,93.33999999999999
1498,108.82
1499,26.0
1500,180.0
1501,55.2
1502,84.8
1503,48.0
1504,140.0
1505,29.199999999999996
1506,160.0
1507,139.5
1508,73.14
1509,22.0
1510,58.0
1511,152.0
1512,91.78
1513,71.96000000000001
1514,43.93
1515,68.0
1516,30.0
1517,92.0
1518,98.0
1519,202.0
1520,119.96
1521,154.0
1522,105.16
1523,87.44
1524,79.5
1525,111.5
1526,162.0
1527,83.28999999999999
1528,34.13
1529,84.0
1530,214.0
1531,73.67
1532,119.2
1533,80.67
1534,88.37
1535,84.28
1536,83.0
1537,116.44
1538,123.33
1539,16.0
1540,84.0
1541,34.0
1542,14.0
1543,210.0
1544,88.45
1545,87.45
1546,112.2
1547,81.35000000000001
1548,51.300000000000004
1549,20.0
1550,236.0
1551,90.27999999999999
1552,104.5
1553,101.39999999999999
1554,92.49000000000001
1555,170.0
1556,93.05
1557,60.05
1558,117.96
1559,144.35
1560,76.78
1561,77.91999999999999
1562,123.98
1563,61.74
1564,52.60000000000001
1565,166.0
1566,77.9
1567,207.54
1568,81.42
1569,85.21000000000001
1570,192.0
1571,79.0
1572,59.849999999999994
1573,129.02
1574,78.96
1575,154.0
1576,77.85
1577,65.78
1578,142.0
1579,105.2
1580,101.52000000000001
1581,82.5
1582,99.5
1583,44.54
1584,30.0
1585,18.0
1586,62.0
1587,40.0
1588,134.0
1589,107.46000000000001
1590,55.08
1591,212.0
1592,81.6
1593,117.76000000000002
1594,90.95
1595,90.86999999999999
1596,97.82
1597,91.54
1598,79.13
1599,235.9
1600,84.06
1601,88.0
1602,184.0
1603,49.7
1604,40.0
1605,0.0
1606,128.0
1607,160.3
1608,85.80000000000001
1609,87.2
1610,82.97999999999999
1611,78.74000000000001
1612,252.0
1613,56.160000000000004
1614,196.0
1615,77.44
1616,58.16
1617,187.34
1618,75.12
1619,81.52
1620,82.00999999999999
1621,135.92
1622,170.0
1623,57.900000000000006
1624,151.04000000000002
1625,59.94
1626,17.999999999999996
1627,144.0
1628,145.22
1629,93.53
1630,180.0
1631,51.6
1632,157.89
1633,56.66
1634,162.4
1635,122.82
1636,55.2
1637,82.0
1638,68.0
1639,176.0
1640,64.64
1641,43.15
1642,56.0
1643,138.0
1644,35.86
1645,162.0
1646,153.85999999999999
1647,58.480000000000004
1648,128.0
1649,169.26
1650,80.56
1651,42.0
1652,86.0
1653,200.0
1654,85.0
1655,86.17
1656,194.0
1657,56.67
1658,143.59
1659,120.39999999999999
1660,73.7
1661,82.75
1662,90.84
1663,125.86999999999999
1664,35.65
1665,204.0
1666,78.64
1667,75.42
1668,74.5
1669,41.599999999999994
1670,38.0
1671,132.0
1672,88.39999999999999
1673,20.61
1674,146.0
1675,85.39999999999999
1676,50.44
1677,226.0
1678,83.62
1679,92.99
1680,184.0
1681,46.96
1682,50.0
1683,14.0
1684,220.0
1685,74.80000000000001
1686,118.23
1687,76.56
1688,72.49000000000001
1689,18.08
1690,2.0
1691,30.0
1692,10.0
1693,140.0
1694,86.80000000000001
1695,33.60000000000001
1696,40.0
1697,90.0
1698,70.0
1699,6.0
1700,252.0
1701,96.96000000000001
1702,105.96000000000001
1703,126.6
1704,50.0
1705,132.0
1706,47.36000000000001
1707,26.0
1708,166.0
1709,62.19
1710,13.629999999999994
1711,238.0
1712,77.44
1713,200.0
1714,84.0
1715,71.8
1716,68.55
1717,73.52000000000001
1718,77.75
1719,111.41
1720,220.0
1721,63.4
1722,58.5
1723,202.0
1724,90.49
1725,75.75999999999999
1726,79.74
1727,176.0
1728,102.78
1729,78.6
1730,158.0
1731,124.79
1732,67.44
1733,57.89
1734,50.0
1735,138.0
1736,72.47
1737,132.68
1738,154.58
1739,84.11000000000001
1740,140.0
1741,68.2
1742,96.36
1743,146.52
1744,32.52
1745,212.0
1746,102.24
1747,212.0
1748,72.4
1749,68.32
1750,45.28
1751,152.0
1752,97.0
1753,40.86
1754,66.0
1755,156.0
1756,49.480000000000004
1757,244.0
1758,93.76
1759,76.5
1760,220.54000000000002
1761,58.5
1762,134.0
1763,165.02
1764,71.02
1765,74.64999999999999
1766,57.61
1767,210.0
1768,92.9
1769,63.25
1770,8.0
1771,134.0
1772,67.19
1773,188.0
1774,78.52
1775,61.24
1776,106.24
1777,181.56
1778,83.46000000000001
1779,86.79
1780,60.38
1781,40.0
1782,10.0
1783,162.0
1784,43.42
1785,140.0
1786,24.399999999999995
1787,204.0
1788,71.72
1789,64.8
1790,170.0
1791,157.25
1792,174.0
1793,100.41
1794,68.54
1795,132.20000000000002
1796,38.440000000000005
1797,130.0
1798,85.2
1799,165.3
1800,96.48
1801,55.68
1802,150.0
1803,149.5
1804,68.54
1805,73.74
1806,52.0
1807,108.0
1808,175.8
1809,96.05000000000001
1810,79.83
1811,56.86
1812,24.0
1813,96.0
1814,64.0
1815,114.0
1816,197.61
1817,91.42
1818,84.69999999999999
1819,136.46
1820,116.6
1821,96.0
1822,200.0
1823,69.0
1824,139.92000000000002
1825,80.22
1826,71.99000000000001
1827,39.0
1828,178.0
1829,50.019999999999996
1830,90.0
1831,186.0
1832,56.760000000000005
1833,190.0
1834,106.69999999999999
1835,94.85
1836,110.0
1837,142.04999999999998
1838,79.33
1839,132.52
1840,101.17999999999999
1841,52.0
1842,78.0
1843,60.0
1844,12.0
1845,38.0
1846,188.0
1847,124.00000000000001
1848,38.0
1849,106.0
1850,50.93
1851,6.0
1852,192.0
1853,68.4
1854,68.62
1855,104.86
1856,51.120000000000005
1857,180.0
1858,62.8
1859,212.07999999999998
1860,92.63999999999999
1861,240.0
1862,71.6
1863,31.5
1864,90.0
1865,16.0
1866,66.0
1867,12.0
1868,6.0
1869,134.0
1870,24.570000000000004
1871,80.0
1872,94.0
1873,116.0
1874,42.56
1875,184.0
1876,143.15999999999997
1877,8.0
1878,140.0
1879,159.8
1880,68.98
1881,120.0
1882,95.3
1883,163.6
1884,75.5
1885,116.6
1886,54.24
1887,60.0
1888,72.0
1889,46.0
1890,202.0
1891,105.05999999999999
1892,210.0
1893,76.95
1894,75.36
1895,84.59
1896,78.86
1897,82.80999999999999
1898,59.08
1899,50.46
1900,66.0
1901,228.0
1902,86.56
1903,89.12
1904,85.92
1905,72.96
1906,204.0
1907,92.72
1908,50.47
1909,160.0
1910,113.4
1911,73.0
1912,94.89
1913,67.94999999999999
1914,196.0
1915,78.56
1916,55.5
1917,110.9
1918,18.36
1919,4.0
1920,42.0
1921,48.0
1922,18.0
1923,112.0
1924,138.78
1925,103.08
1926,138.10000000000002
1927,69.31
1928,84.0
1929,18.0
1930,112.0
1931,84.8
1932,162.0
1933,135.16
1934,69.28
1935,110.0
1936,56.95
1937,32.0
1938,94.0
1939,146.0
1940,122.08
1941,121.24000000000001
1942,44.0
1943,180.0
1944,126.4
1945,67.85
1946,72.43
1947,62.84
1948,204.0
1949,87.44
1950,69.67999999999999
1951,72.27000000000001
1952,18.84
1953,128.0
1954,28.64
1955,96.0
1956,136.0
1957,58.120000000000005
1958,154.0
1959,94.92999999999999
1960,39.60000000000001
1961,200.0
1962,114.5
1963,4.0
1964,132.0
1965,106.63999999999999
1966,74.75
1967,37.1
1968,58.0
1969,166.0
1970,60.129999999999995
1971,66.75
1972,140.0
1973,139.2
1974,73.9
1975,153.39999999999998
1976,114.95
1977,92.0
1978,68.46
1979,66.0
1980,104.0
1981,89.42
1982,104.0
1983,217.58
1984,82.24
1985,148.0
1986,86.16000000000001
1987,54.14
1988,64.0
1989,142.0
1990,51.55
1991,38.0
1992,132.0
1993,127.76
1994,87.93
1995,76.91
1996,217.62999999999997
1997,6.300000000000001
1998,64.0
1999,136.0
2000,154.85999999999999
2001,71.93
2002,61.65
2003,82.68
2004,138.2
2005,159.0
2006,70.2
2007,146.0
2008,64.3
2009,68.16
2010,70.0
2011,128.0
2012,163.04000000000002
2013,79.15
2014,112.96000000000001
2015,21.36
2016,32.0
2017,100.0
2018,6.0
2019,140.0
2020,172.20000000000002
2021,76.15
2022,78.65
2023,92.53999999999999
2024,20.619999999999997
2025,98.0
2026,108.0
2027,86.96
2028,218.0
2029,84.71000000000001
2030,38.400000000000006
2031,146.0
2032,39.41
2033,24.0
2034,140.0
2035,29.399999999999995
2036,140.0
2037,86.6
2038,202.6
2039,62.56
2040,174.0
2041,52.349999999999994
2042,165.53
2043,111.08
2044,73.36
2045,66.0
2046,150.0
2047,124.5
2048,75.48
2049,62.839999999999996
2050,179.04
2051,76.4
2052,86.74
2053,144.0
2054,41.42
2055,206.0
2056,66.38
2057,144.64000000000001
2058,77.38
2059,64.2
2060,148.0
2061,96.4
2062,50.5
2063,132.0
2064,27.040000000000006
2065,46.0
2066,28.0
2067,208.0
2068,108.76
2069,214.0
2070,82.2
2071,79.2
2072,80.60000000000001
2073,71.96
2074,83.24
2075,116.23
2076,176.0
2077,46.879999999999995
2078,36.0
2079,192.0
2080,62.67999999999999
2081,63.5
2082,6.0
2083,240.0
2084,79.6
2085,110.76
2086,92.5
2087,93.12
2088,90.78
2089,118.0
2090,187.46
2091,74.54
2092,80.0
2093,74.32
2094,101.92999999999999
2095,38.25
2096,106.0
2097,209.99999999999997
2098,86.99000000000001
2099,86.07999999999998
2100,98.12
2101,87.28
2102,81.45
2103,186.0
2104,76.24
2105,103.92
2106,72.62
2107,85.68
2108,94.4
2109,74.84
2110,104.56
2111,117.05999999999999
2112,66.48
2113,72.0
2114,150.0
2115,112.75
2116,91.48
2117,75.62
2118,92.91999999999999
2119,75.92
2120,188.0
2121,98.36000000000001
2122,69.12
2123,72.92
2124,132.28
2125,76.65
2126,89.6
2127,75.50999999999999
2128,238.0
2129,66.03
2130,67.99
2131,62.00000000000001
2132,52.809999999999995
2133,130.0
2134,60.4
2135,16.0
2136,216.0
2137,77.96000000000001
2138,73.72
2139,56.5
2140,174.57000000000002
2141,119.74000000000001
2142,67.5
2143,82.0
2144,156.0
2145,124.8
2146,86.60000000000001
2147,76.0
2148,174.0
2149,84.61000000000001
2150,84.42
2151,121.67999999999999
2152,80.80000000000001
2153,94.44
2154,18.0
2155,114.0
2156,21.739999999999995
2157,144.0
2158,92.98
2159,144.35
2160,85.67
2161,130.0
2162,15.450000000000003
2163,126.0
2164,33.49
2165,82.0
2166,70.0
2167,116.0
2168,212.08
2169,90.14
2170,51.75
2171,190.0
2172,82.8
2173,122.86
2174,108.84
2175,154.0
2176,132.53
2177,72.85
2178,57.36
2179,90.51
2180,69.7
2181,10.0
2182,122.0
2183,182.0
2184,80.55
2185,224.0
2186,75.62
2187,42.8
2188,8.0
2189,100.0
2190,172.0
2191,113.76
2192,74.3
2193,69.61
2194,51.42
2195,130.0
2196,68.15
2197,188.0
2198,58.839999999999996
2199,58.8
2200,140.0
2201,131.4
2202,85.78
2203,132.06
2204,188.0
2205,78.64
2206,112.32
2207,80.19
2208,71.38
2209,107.93
2210,81.05000000000001
2211,150.04
2212,190.0
2213,63.25
2214,146.93
2215,77.66
2216,56.64
2217,194.0
2218,99.15
2219,77.2
2220,75.35
2221,74.49000000000001
2222,108.56
2223,87.79
2224,80.88
2225,68.84
2226,176.0
2227,70.1
2228,49.76
2229,140.0
2230,49.0
2231,88.0
2232,166.0
2233,107.6
2234,92.0
2235,87.6
2236,86.33999999999999
2237,186.82
2238,128.0
2239,17.580000000000002
2240,140.0
2241,27.4
2242,40.0
2243,16.0
2244,128.0
2245,34.32
2246,248.0
2247,81.88
2248,94.51
2249,68.39
2250,235.54
2251,74.9
2252,136.0
2253,104.67999999999999
2254,140.48000000000002
2255,74.00999999999999
2256,88.63
2257,82.56
2258,76.38
2259,46.6
2260,2.0
2261,18.0
2262,140.0
2263,49.8
2264,78.0
2265,216.0
2266,81.18
2267,89.27
2268,77.19
2269,92.98
2270,86.0
2271,101.34
2272,56.269999999999996
2273,204.0
2274,78.2
2275,81.24
2276,72.84
2277,71.69999999999999
2278,59.18
2279,56.0
2280,100.0
2281,20.0
2282,46.0
2283,110.0
2284,72.35
2285,96.0
2286,104.0
2287,111.11999999999999
2288,219.6
2289,99.02
2290,181.96
2291,236.0
2292,68.0
2293,70.13
2294,81.58
2295,52.0
2296,52.0
2297,186.0
2298,119.28999999999999
2299,103.85
2300,76.48
2301,83.88
2302,57.84
2303,152.0
2304,64.74
2305,6.460000000000003
2306,202.0
2307,82.91
2308,58.08
2309,142.0
2310,160.92000000000002
2311,93.74000000000001
2312,142.0
2313,139.45
2314,72.89
2315,79.5
2316,68.5
2317,83.75
2318,43.86999999999999
2319,78.0
2320,248.0
2321,82.76
2322,85.75
2323,82.26
2324,164.0
2325,72.48
2326,98.2
2327,62.25
2328,32.01
2329,150.0
2330,100.75
2331,58.48
2332,52.46
2333,140.0
2334,146.2
2335,81.60000000000001
2336,102.9
2337,170.47
2338,232.0
2339,69.34
2340,46.400000000000006
2341,198.0
2342,63.19
2343,37.48
2344,40.0
2345,74.0
2346,92.0
2347,220.0
2348,77.8
2349,54.76
2350,250.0
2351,93.25
2352,92.98
2353,67.2
2354,102.6
2355,228.67
2356,70.28
2357,100.0
2358,46.0
2359,56.0
2360,54.0
2361,132.0
2362,24.480000000000004
2363,234.0
2364,79.91
2365,200.0
2366,52.0
2367,46.37
2368,174.0
2369,127.77
2370,78.4
2371,74.97999999999999
2372,18.0
2373,44.0
2374,200.0
2375,75.5
2376,69.24000000000001
2377,62.81999999999999
2378,70.0
2379,94.0
2380,172.0
2381,75.16
2382,119.58
2383,96.82000000000001
2384,66.49
2385,15.440000000000007
2386,50.0
2387,142.0
2388,144.9
2389,90.05000000000001
2390,155.24
2391,44.38
2392,202.0
2393,57.7
2394,29.12
2395,172.0
2396,133.24
2397,43.32
2398,112.0
2399,182.72
2400,80.36999999999999
2401,81.44
2402,90.0
2403,186.0
2404,118.71
2405,54.480000000000004
2406,128.0
2407,79.2
2408,136.65
2409,88.12
2410,106.75
2411,120.24
2412,62.96
2413,84.0
2414,202.0
2415,89.78
2416,57.89
2417,192.0
2418,59.160000000000004
2419,50.0
2420,218.0
2421,81.95
2422,85.62
2423,81.6
2424,104.57000000000001
2425,94.86
2426,76.31000000000002
2427,183.64999999999998
2428,86.05
2429,72.0
2430,130.0
2431,69.7
2432,186.0
2433,76.69
2434,120.89999999999999
2435,68.91
2436,220.0
2437,69.0
2438,59.3
2439,99.5
2440,62.0
2441,216.0
2442,97.56
2443,242.0
2444,67.92999999999999
2445,77.41
2446,47.92
2447,46.0
2448,156.0
2449,148.0
2450,55.6
2451,218.0
2452,82.16
2453,194.0
2454,76.14
2455,118.04
2456,57.47
2457,110.0
2458,136.5
2459,72.7
2460,123.64999999999999
2461,112.83
2462,95.54
2463,18.88
2464,92.0
2465,206.0
2466,92.67
2467,33.4
2468,212.0
2469,64.4
2470,136.91
2471,73.44
2472,76.25
2473,163.28
2474,65.60000000000001
2475,242.0
2476,67.15
2477,70.55
2478,77.68
2479,176.0
2480,124.28
2481,28.17
2482,218.0
2483,83.31
2484,212.0
2485,90.64
2486,184.0
2487,75.82
2488,96.12
2489,109.06
2490,224.0
2491,78.28
2492,192.0
2493,90.78
2494,72.08
2495,4.0
2496,206.0
2497,66.84
2498,150.26
2499,40.0
2500,226.0
2501,76.11
2502,212.0
2503,90.32000000000001
2504,212.0
2505,90.32000000000001
2506,164.0
2507,104.72
2508,103.88
2509,218.0
2510,84.46
2511,190.0
2512,92.5
2513,72.03999999999999
2514,218.0
2515,84.46
2516,212.0
2517,90.64
2518,212.0
2519,61.2
2520,175.95999999999998
2521,58.86000000000001
2522,218.0
2523,80.77999999999999
2524,8.48
2525,218.0
2526,84.46
2527,212.0
2528,87.76
2529,212.0
2530,67.92
2531,114.24
2532,63.06
2533,164.0
2534,140.08
2535,32.35
2536,218.0
2537,84.46
2538,212.0
2539,90.0
2540,212.0
2541,83.6
2542,34.269999999999996
2543,218.0
2544,84.46
2545,212.0
2546,90.64
2547,212.0
2548,90.64
2549,212.0
2550,88.72
2551,212.0
2552,88.72
2553,212.0
2554,90.64
2555,212.0
2556,90.64
2557,212.0
2558,88.08
2559,212.0
2560,90.64
2561,212.0
2562,90.64
2563,212.0
2564,90.64
2565,212.0
2566,90.0
2567,212.0
2568,90.64
2569,212.0
2570,90.64
2571,212.0
2572,90.64
2573,212.0
2574,90.64
2575,212.0
2576,90.64
2577,212.0
2578,90.64
2579,212.0
2580,90.64
2581,212.0
2582,90.64
2583,212.0
2584,90.64
2585,212.0
2586,90.64
2587,212.0
2588,90.64
2589,212.0
2590,90.64
2591,212.0
2592,90.64
2593,212.0
2594,90.64
2595,212.0
2596,90.0
2597,76.0
2598,206.0
2599,99.64
2600,218.0
2601,84.46
2602,212.0
2603,90.64
2604,212.0
2605,90.64
2606,212.0
2607,83.6
2608,27.560000000000002
2609,218.0
2610,84.46
2611,212.0
2612,90.64
2613,212.0
2614,61.84
2615,171.72
2616,54.5
2617,224.0
2618,78.28
2619,212.0
2620,90.64
2621,212.0
2622,90.64
2623,212.0
2624,90.64
2625,212.0
2626,90.64
2627,212.0
2628,90.64
2629,212.0
2630,88.72
2631,212.0
2632,90.64
2633,212.0
2634,90.64
2635,212.0
2636,90.64
2637,212.0
2638,90.64
2639,212.0
2640,90.64
2641,212.0
2642,87.76
2643,212.0
2644,90.64
2645,212.0
2646,90.64
2647,212.0
2648,90.64
2649,212.0
2650,90.64
2651,212.0
2652,90.64
2653,212.0
2654,90.64
2655,212.0
2656,90.64
2657,212.0
2658,90.64
2659,212.0
2660,90.64
2661,212.0
2662,90.64
2663,212.0
2664,90.64
2665,212.0
2666,90.64
2667,212.0
2668,90.64
2669,212.0
2670,90.64
2671,212.0
2672,90.64
2673,212.0
2674,90.64
2675,212.0
2676,68.88000000000001
2677,125.08
2678,6.54
2679,224.0
2680,78.28
2681,212.0
2682,88.72
2683,212.0
2684,90.64
2685,212.0
2686,90.64
2687,212.0
2688,90.64
2689,212.0
2690,90.64
2691,212.0
2692,90.64
2693,212.0
2694,90.64
2695,212.0
2696,90.64
2697,212.0
2698,90.64
2699,212.0
2700,90.64
2701,212.0
2702,90.64
2703,212.0
2704,90.64
2705,212.0
2706,90.64
2707,212.0
2708,90.64
2709,212.0
2710,90.32000000000001
2711,212.0
2712,90.64
2713,212.0
2714,90.64
2715,212.0
2716,90.64
2717,212.0
2718,90.64
2719,212.0
2720,90.64
2721,212.0
2722,90.64
2723,212.0
2724,90.64
2725,212.0
2726,90.64
2727,212.0
2728,90.64
2729,212.0
2730,90.64
2731,212.0
2732,90.64
2733,212.0
2734,90.64
2735,212.0
2736,90.32000000000001
2737,212.0
2738,90.64
2739,212.0
2740,90.64
2741,212.0
2742,90.64
2743,212.0
2744,90.64
2745,212.0
2746,90.64
2747,212.0
2748,90.64
2749,212.0
2750,88.72
2751,212.0
2752,90.64
2753,212.0
2754,90.64
2755,212.0
2756,90.64
2757,212.0
2758,90.64
2759,212.0
2760,90.64
2761,212.0
2762,87.76
2763,212.0
2764,90.64
2765,212.0
2766,79.44
2767,55.120000000000005
2768,218.0
2769,84.46
2770,212.0
2771,88.44000000000001
2772,212.0
2773,90.64
2774,212.0
2775,90.64
2776,212.0
2777,90.64
2778,212.0
2779,90.64
2780,212.0
2781,90.64
2782,212.0
2783,90.64
2784,212.0
2785,90.64
2786,212.0
2787,90.64
2788,212.0
2789,90.64
2790,212.0
2791,90.64
2792,212.0
2793,90.64
2794,212.0
2795,90.64
2796,212.0
2797,74.64
2798,86.92
2799,218.0
2800,84.46
2801,212.0
2802,90.64
2803,212.0
2804,90.64
2805,212.0
2806,90.64
2807,212.0
2808,90.64
2809,212.0
2810,90.64
2811,212.0
2812,90.64
2813,212.0
2814,90.64
2815,212.0
2816,90.64
2817,212.0
2818,87.11999999999999
2819,4.24
2820,218.0
2821,84.46
2822,212.0
2823,90.64
2824,212.0
2825,90.64
2826,212.0
2827,90.64
2828,212.0
2829,90.64
2830,212.0
2831,90.64
2832,212.0
2833,90.64
2834,212.0
2835,90.64
2836,212.0
2837,90.64
2838,212.0
2839,90.64
2840,212.0
2841,90.64
2842,212.0
2843,90.64
2844,212.0
2845,90.64
2846,212.0
2847,90.64
2848,212.0
2849,90.64
2850,212.0
2851,90.64
2852,212.0
2853,90.64
2854,212.0
2855,90.64
2856,212.0
2857,90.64
2858,212.0
2859,51.32000000000001
2860,29.680000000000003
2861,218.0
2862,84.46
2863,212.0
2864,90.64
2865,212.0
2866,90.64
2867,212.0
2868,90.64
2869,212.0
2870,90.64
2871,212.0
2872,90.64
2873,212.0
2874,90.64
2875,212.0
2876,90.64
2877,212.0
2878,90.64
2879,212.0
2880,90.64
2881,212.0
2882,90.0
2883,212.0
2884,90.64
2885,212.0
2886,90.64
2887,212.0
2888,90.64
2889,212.0
2890,90.64
2891,212.0
2892,90.64
2893,212.0
2894,90.64
2895,212.0
2896,90.64
2897,212.0
2898,90.64
2899,212.0
2900,90.64
2901,212.0
2902,90.64
2903,212.0
2904,90.64
2905,212.0
2906,90.64
2907,138.0
2908,166.86
2909,59.36000000000001
2910,218.0
2911,84.46
2912,212.0
2913,69.2
2914,122.96
2915,4.36
2916,224.0
2917,78.28
2918,212.0
2919,90.64
2920,212.0
2921,90.64
2922,212.0
2923,87.76
2924,212.0
2925,90.64
2926,212.0
2927,90.64
2928,212.0
2929,90.64
2930,212.0
2931,90.64
2932,212.0
2933,90.64
2934,212.0
2935,90.64
2936,212.0
2937,90.64
2938,212.0
2939,90.64
2940,212.0
2941,90.64
2942,212.0
2943,90.64
2944,212.0
2945,90.64
2946,212.0
2947,90.64
2948,212.0
2949,90.64
2950,212.0
2951,90.64
2952,212.0
2953,90.64
2954,212.0
2955,90.64
2956,212.0
2957,90.64
2958,212.0
2959,90.64
2960,212.0
2961,84.56
2962,21.200000000000003
2963,218.0
2964,84.46
2965,212.0
2966,90.64
2967,212.0
2968,90.64
2969,212.0
2970,90.64
2971,212.0
2972,90.64
2973,212.0
2974,90.64
2975,212.0
2976,88.72
2977,212.0
2978,90.64
2979,212.0
2980,90.64
2981,128.0
2982,177.16
2983,69.96000000000001
2984,218.0
2985,37.309999999999995
2986,23.32
2987,218.0
2988,84.46
2989,212.0
2990,90.64
2991,212.0
2992,90.64
2993,212.0
2994,90.64
2995,212.0
2996,90.64
2997,212.0
2998,90.64
2999,212.0
3000,90.64
3001,212.0
3002,90.64
3003,212.0
3004,90.64
3005,212.0
3006,90.64
3007,212.0
3008,90.64
3009,212.0
3010,90.64
3011,212.0
3012,90.64
3013,212.0
3014,90.64
3015,212.0
3016,90.64
3017,212.0
3018,90.64
3019,212.0
3020,90.64
3021,212.0
3022,90.64
3023,212.0
3024,90.64
3025,212.0
3026,90.64
3027,212.0
3028,90.64
3029,212.0
3030,90.64
3031,212.0
3032,90.64
3033,212.0
3034,90.64
3035,212.0
3036,90.64
3037,212.0
3038,90.64
3039,212.0
3040,90.64
3041,104.0
3042,201.88
3043,95.4
3044,218.0
3045,84.46
3046,212.0
3047,90.64
3048,212.0
3049,90.64
3050,212.0
3051,90.64
3052,212.0
3053,90.64
3054,212.0
3055,90.64
3056,212.0
3057,90.64
3058,212.0
3059,90.64
3060,212.0
3061,90.64
3062,212.0
3063,90.64
3064,212.0
3065,90.64
3066,212.0
3067,90.64
3068,212.0
3069,90.64
3070,212.0
3071,90.64
3072,212.0
3073,90.64
3074,212.0
3075,90.64
3076,212.0
3077,90.64
3078,212.0
3079,90.64
3080,212.0
3081,90.64
3082,212.0
3083,90.64
3084,212.0
3085,90.64
3086,212.0
3087,90.64
3088,212.0
3089,90.64
3090,212.0
3091,90.64
3092,212.0
3093,90.64
3094,212.0
3095,90.64
3096,212.0
3097,90.64
3098,212.0
3099,90.64
3100,212.0
3101,90.64
3102,212.0
3103,90.64
3104,212.0
3105,90.64
3106,212.0
3107,90.64
3108,212.0
3109,90.32000000000001
3110,212.0
3111,90.64
3112,212.0
3113,90.64
3114,212.0
3115,90.64
3116,212.0
3117,90.64
3118,212.0
3119,90.64
3120,212.0
3121,90.64
3122,212.0
3123,90.64
3124,212.0
3125,90.64
3126,212.0
3127,90.64
3128,212.0
3129,90.64
3130,212.0
3131,90.64
3132,212.0
3133,90.64
3134,212.0
3135,90.64
3136,212.0
3137,90.64
3138,212.0
3139,90.64
3140,212.0
3141,90.64
3142,212.0
3143,90.64
3144,212.0
3145,90.64
3146,212.0
3147,90.64
3148,212.0
3149,90.64
3150,212.0
3151,90.64
3152,212.0
3153,90.64
3154,212.0
3155,90.64
3156,212.0
3157,90.64
3158,212.0
3159,90.64
3160,212.0
3161,90.64
3162,212.0
3163,90.64
3164,212.0
3165,90.64
3166,212.0
3167,90.64
3168,212.0
3169,90.64
3170,212.0
3171,90.64
3172,212.0
3173,90.64
3174,212.0
3175,90.64
3176,212.0
3177,90.64
3178,212.0
3179,90.64
3180,212.0
3181,90.64
3182,212.0
3183,90.64
3184,212.0
3185,90.64
3186,212.0
3187,90.64
3188,212.0
3189,90.64
3190,212.0
3191,90.64
3192,212.0
3193,90.64
3194,212.0
3195,90.64
3196,212.0
3197,89.36
3198,212.0
3199,90.64
3200,212.0
3201,90.64
3202,212.0
3203,90.64
3204,212.0
3205,90.64
3206,212.0
3207,90.64
3208,212.0
3209,90.64
3210,212.0
3211,90.64
3212,212.0
3213,90.64
3214,212.0
3215,90.64
3216,212.0
3217,90.64
3218,212.0
3219,90.64
3220,212.0
3221,90.64
3222,212.0
3223,90.64
3224,212.0
3225,90.64
3226,212.0
3227,90.64
3228,212.0
3229,90.64
3230,212.0
3231,90.64
3232,212.0
3233,90.64
3234,212.0
3235,90.64
3236,212.0
3237,90.64
3238,212.0
3239,90.64
3240,212.0
3241,90.64
3242,212.0
3243,90.64
3244,212.0
3245,84.56
3246,21.200000000000003
3247,218.0
3248,84.46
3249,212.0
3250,90.64
3251,212.0
3252,90.64
3253,212.0
3254,90.64
3255,212.0
3256,90.64
3257,212.0
3258,90.64
3259,212.0
3260,90.64
3261,212.0
3262,90.64
3263,212.0
3264,90.64
3265,212.0
3266,90.64
3267,212.0
3268,90.64
3269,212.0
3270,90.64
3271,212.0
3272,90.64
3273,212.0
3274,90.64
3275,212.0
3276,90.64
3277,212.0
3278,90.64
3279,212.0
3280,90.64
3281,212.0
3282,82.32000000000001
3283,36.04
3284,218.0
3285,84.46
3286,212.0
3287,90.64
3288,212.0
3289,90.64
3290,212.0
3291,90.64
3292,212.0
3293,90.64
3294,212.0
3295,90.64
3296,212.0
3297,90.64
3298,212.0
3299,90.64
3300,212.0
3301,90.32000000000001
3302,212.0
3303,90.64
3304,212.0
3305,90.64
3306,212.0
3307,90.64
3308,212.0
3309,90.64
3310,212.0
3311,90.64
3312,212.0
3313,90.64
3314,212.0
3315,90.64
3316,212.0
3317,90.64
3318,212.0
3319,90.64
3320,212.0
3321,90.64
3322,212.0
3323,90.64
3324,212.0
3325,90.64
3326,212.0
3327,90.64
3328,212.0
3329,90.64
3330,212.0
3331,90.64
3332,212.0
3333,90.64
3334,212.0
3335,90.64
3336,212.0
3337,90.64
3338,212.0
3339,90.64
3340,212.0
3341,90.64
3342,212.0
3343,90.64
3344,212.0
3345,90.64
3346,212.0
3347,90.64
3348,212.0
3349,90.64
3350,212.0
3351,90.64
3352,212.0
3353,90.64
3354,212.0
3355,90.64
3356,212.0
3357,90.64
3358,212.0
3359,90.64
3360,212.0
3361,90.64
3362,212.0
3363,90.64
3364,212.0
3365,90.64
3366,212.0
3367,90.64
3368,212.0
3369,90.64
3370,212.0
3371,90.64
3372,212.0
3373,90.64
3374,212.0
3375,90.64
3376,212.0
3377,90.64
3378,212.0
3379,90.64
3380,212.0
3381,90.64
3382,212.0
3383,90.64
3384,212.0
3385,78.16
3386,63.599999999999994
3387,218.0
3388,84.46
3389,212.0
3390,90.64
3391,212.0
3392,90.64
3393,212.0
3394,90.64
3395,212.0
3396,90.64
3397,212.0
3398,90.64
3399,212.0
3400,90.64
3401,212.0
3402,90.64
3403,212.0
3404,90.64
3405,212.0
3406,90.64
3407,212.0
3408,90.64
3409,212.0
3410,90.64
3411,212.0
3412,90.64
3413,212.0
3414,90.64
3415,212.0
3416,89.68
3417,212.0
3418,90.64
3419,212.0
3420,90.64
3421,212.0
3422,90.64
3423,172.0
3424,131.84
3425,23.32
3426,218.0
3427,84.46
3428,212.0
3429,90.64
3430,212.0
3431,90.64
3432,212.0
3433,90.64
3434,212.0
3435,90.64
3436,212.0
3437,90.64
3438,212.0
3439,90.64
3440,212.0
3441,90.64
3442,212.0
3443,90.64
3444,212.0
3445,90.64
3446,212.0
3447,90.64
3448,212.0
3449,90.64
3450,212.0
3451,90.64
3452,212.0
3453,90.64
3454,212.0
3455,90.64
3456,212.0
3457,90.64
3458,212.0
3459,90.64
3460,212.0
3461,90.64
3462,212.0
3463,90.64
3464,212.0
3465,55.44
3466,14.840000000000002
3467,218.0
3468,84.46
3469,212.0
3470,90.64
3471,212.0
3472,90.64
3473,212.0
3474,90.64
3475,212.0
3476,90.64
3477,212.0
3478,90.64
3479,212.0
3480,90.64
3481,212.0
3482,90.64
3483,212.0
3484,90.64
3485,212.0
3486,90.64
3487,212.0
3488,90.64
3489,212.0
3490,90.64
3491,212.0
3492,90.64
3493,212.0
3494,90.64
3495,212.0
3496,90.64
3497,212.0
3498,90.64
3499,212.0
3500,90.64
3501,212.0
3502,90.64
3503,212.0
3504,90.64
3505,212.0
3506,90.64
3507,212.0
3508,90.64
3509,212.0
3510,90.64
3511,212.0
3512,90.64
3513,212.0
3514,90.64
3515,212.0
3516,90.64
3517,212.0
3518,90.64
3519,212.0
3520,90.64
3521,212.0
3522,90.64
3523,212.0
3524,90.64
3525,212.0
3526,90.64
3527,212.0
3528,90.64
3529,212.0
3530,90.64
3531,212.0
3532,90.64
3533,212.0
3534,90.64
3535,212.0
3536,90.64
3537,212.0
3538,90.64
3539,212.0
3540,90.64
3541,212.0
3542,90.64
3543,212.0
3544,90.64
3545,212.0
3546,90.64
3547,212.0
3548,90.64
3549,212.0
3550,90.64
3551,212.0
3552,90.64
3553,212.0
3554,90.64
3555,212.0
3556,90.64
3557,212.0
3558,90.64
3559,212.0
3560,90.64
3561,212.0
3562,90.64
3563,212.0
3564,90.64
3565,212.0
3566,90.64
3567,212.0
3568,90.64
3569,212.0
3570,90.64
3571,212.0
3572,90.64
3573,212.0
3574,90.64
3575,212.0
3576,90.64
3577,212.0
3578,90.64
3579,212.0
3580,-28.160000000000004
3581,95.4
3582,218.0
3583,84.46
3584,212.0
3585,90.64
3586,212.0
3587,90.64
3588,212.0
3589,90.64
3590,212.0
3591,90.64
3592,212.0
3593,90.64
3594,212.0
3595,90.64
3596,212.0
3597,90.64
3598,212.0
3599,90.64
3600,212.0
3601,90.64
3602,212.0
3603,90.64
3604,212.0
3605,90.64
3606,212.0
3607,90.64
3608,212.0
3609,90.64
3610,212.0
3611,90.64
3612,212.0
3613,90.64
3614,212.0
3615,90.64
3616,212.0
3617,90.64
3618,212.0
3619,90.64
3620,212.0
3621,90.64
3622,212.0
3623,90.64
3624,212.0
3625,90.64
3626,212.0
3627,90.64
3628,212.0
3629,90.64
3630,212.0
3631,90.64
3632,212.0
3633,90.64
3634,212.0
3635,90.64
3636,212.0
3637,90.64
3638,212.0
3639,90.64
3640,212.0
3641,90.64
3642,212.0
3643,90.64
3644,212.0
3645,90.64
3646,212.0
3647,90.64
3648,212.0
3649,90.64
3650,212.0
3651,90.64
3652,212.0
3653,90.64
3654,212.0
3655,90.64
3656,212.0
3657,90.64
3658,212.0
3659,90.64
3660,212.0
3661,90.64
3662,212.0
3663,90.64
3664,212.0
3665,90.64
3666,212.0
3667,90.64
3668,212.0
3669,90.64
3670,212.0
3671,90.64
3672,212.0
3673,90.64
3674,212.0
3675,90.64
3676,212.0
3677,90.64
3678,212.0
3679,90.64
3680,212.0
3681,90.64
3682,212.0
3683,90.64
3684,212.0
3685,90.64
3686,212.0
3687,90.64
3688,212.0
3689,90.64
3690,212.0
3691,90.64
3692,212.0
3693,90.64
3694,212.0
3695,90.64
3696,-98.0
3697,206.0
3698,99.64
3699,218.0
3700,84.46
3701,212.0
3702,90.32000000000001
3703,212.0
3704,90.64
3705,212.0
3706,90.64
3707,212.0
3708,90.64
3709,212.0
3710,90.64
3711,212.0
3712,90.64
3713,212.0
3714,90.64
3715,212.0
3716,62.160000000000004
3717,169.60000000000002
3718,52.32
3719,224.0
3720,78.28
3721,212.0
3722,90.64
3723,212.0
3724,90.64
3725,212.0
3726,90.64
3727,212.0
3728,90.64
3729,212.0
3730,90.64
3731,212.0
3732,90.64
3733,212.0
3734,90.64
3735,212.0
3736,90.64
3737,212.0
3738,90.64
3739,212.0
3740,90.64
3741,212.0
3742,90.64
3743,212.0
3744,90.64
3745,212.0
3746,90.64
3747,212.0
3748,90.64
3749,212.0
3750,90.64
3751,212.0
3752,90.64
3753,212.0
3754,90.64
3755,212.0
3756,90.64
3757,212.0
3758,90.64
3759,212.0
3760,90.64
3761,212.0
3762,90.64
3763,212.0
3764,90.64
3765,212.0
3766,90.64
3767,212.0
3768,90.64
3769,212.0
3770,90.64
3771,212.0
3772,89.68
3773,212.0
3774,90.64
3775,212.0
3776,90.64
3777,212.0
3778,90.64
3779,212.0
3780,90.64
3781,212.0
3782,90.64
3783,212.0
3784,90.64
3785,212.0
3786,90.64
3787,212.0
3788,90.64
3789,212.0
3790,90.64
3791,212.0
3792,90.64
3793,212.0
3794,90.64
3795,212.0
3796,90.64
3797,212.0
3798,90.64
3799,212.0
3800,90.64
3801,212.0
3802,90.64
3803,212.0
3804,90.64
3805,212.0
3806,90.64
3807,212.0
3808,90.64
3809,212.0
3810,90.64
3811,212.0
3812,87.11999999999999
3813,4.24
3814,218.0
3815,84.46
3816,212.0
3817,90.64
3818,212.0
3819,90.64
3820,212.0
3821,90.64
3822,212.0
3823,90.64
3824,212.0
3825,90.64
3826,212.0
3827,90.64
3828,212.0
3829,90.64
3830,212.0
3831,90.64
3832,212.0
3833,90.64
3834,212.0
3835,90.64
3836,212.0
3837,90.64
3838,212.0
3839,90.64
3840,212.0
3841,90.64
3842,212.0
3843,90.64
3844,212.0
3845,90.64
3846,212.0
3847,90.64
3848,212.0
3849,90.64
3850,212.0
3851,90.64
3852,212.0
3853,90.64
3854,212.0
3855,90.64
3856,212.0
3857,90.64
3858,212.0
3859,90.64
3860,212.0
3861,90.64
3862,212.0
3863,90.64
3864,212.0
3865,90.64
3866,212.0
3867,90.64
3868,212.0
3869,90.64
3870,212.0
3871,90.64
3872,212.0
3873,90.64
3874,212.0
3875,62.800000000000004
3876,165.36
3877,47.96
3878,224.0
3879,78.28
3880,212.0
3881,90.64
3882,212.0
3883,74.0
3884,91.16
3885,218.0
3886,84.46
3887,212.0
3888,90.64
3889,212.0
3890,90.64
3891,212.0
3892,90.64
3893,212.0
3894,90.64
3895,212.0
3896,90.64
3897,212.0
3898,90.64
3899,212.0
3900,90.64
3901,212.0
3902,90.64
3903,212.0
3904,90.64
3905,212.0
3906,90.64
3907,212.0
3908,90.64
3909,212.0
3910,90.64
3911,212.0
3912,90.64
3913,212.0
3914,90.64
3915,212.0
3916,90.64
3917,212.0
3918,90.64
3919,212.0
3920,90.64
3921,212.0
3922,90.64
3923,212.0
3924,90.64
3925,212.0
3926,90.64
3927,212.0
3928,90.64
3929,212.0
3930,90.64
3931,212.0
3932,90.64
3933,212.0
3934,90.64
3935,212.0
3936,90.0
3937,212.0
3938,90.64
3939,212.0
3940,90.64
3941,212.0
3942,90.64
3943,212.0
3944,90.64
3945,212.0
3946,90.64
3947,212.0
3948,90.64
3949,212.0
3950,90.64
3951,212.0
3952,90.64
3953,212.0
3954,90.64
3955,212.0
3956,90.64
3957,212.0
3958,90.64
3959,212.0
3960,90.64
3961,212.0
3962,90.64
3963,212.0
3964,90.64
3965,212.0
3966,90.64
3967,212.0
3968,90.64
3969,212.0
3970,90.64
3971,212.0
3972,90.64
3973,212.0
3974,90.64
3975,212.0
3976,90.64
3977,212.0
3978,90.64
3979,212.0
3980,90.64
3981,212.0
3982,90.64
3983,212.0
3984,90.64
3985,212.0
3986,90.64
3987,212.0
3988,90.64
3989,212.0
3990,63.760000000000005
3991,159.0
3992,41.42
3993,224.0
3994,78.28
3995,212.0
3996,90.64
3997,212.0
3998,90.64
3999,212.0
4000,90.64
4001,212.0
4002,90.64
4003,212.0
4004,90.64
4005,212.0
4006,90.64
4007,212.0
4008,90.64
4009,212.0
4010,90.64
4011,212.0
4012,90.64
4013,212.0
4014,74.96000000000001
4015,84.80000000000001
4016,218.0
4017,84.46
4018,212.0
4019,90.64
4020,212.0
4021,90.64
4022,212.0
4023,90.64
4024,212.0
4025,90.64
4026,212.0
4027,90.64
4028,212.0
4029,90.64
4030,212.0
4031,90.64
4032,212.0
4033,90.64
4034,212.0
4035,90.64
4036,212.0
4037,90.64
4038,212.0
4039,90.64
4040,212.0
4041,90.64
4042,212.0
4043,90.64
4044,212.0
4045,90.64
4046,212.0
4047,90.64
4048,212.0
4049,90.64
4050,212.0
4051,90.64
4052,212.0
4053,90.64
4054,212.0
4055,90.64
