,Reward,Actor Loss,Alpha Loss,Critic 1 Loss,Critic 2 Loss
0,-2709.8655999999996,0.0,0.0,0.0,0.0
1,-7348.5657999999985,0.0,0.0,0.0,0.0
2,-5108.6158000000005,0.0,0.0,0.0,0.0
3,-3841.972399999999,0.0,0.0,0.0,0.0
4,-7728.9855000000025,0.0,0.0,0.0,0.0
5,-3416.9013999999993,5.57187627421485,-0.026749087664571524,25143.98305318813,25108.72401751894
6,-1269.7045000000005,6.421756739568228,-0.09605793274863801,27559.44730508207,27490.780283301767
7,281.46080000000086,5.412713284444327,-0.16538048964558225,26468.134154040403,26383.57931857639
8,-128.69549999999896,5.36466985158246,-0.2320302070090265,26394.722005208332,26312.932390309343
9,1182.176300000001,5.742179338378135,-0.28286009063624373,25814.443852588385,25757.75899621212
10,2196.3777999999998,5.217090385128754,-0.3065123196804162,23985.61987058081,23988.836726641413
11,2133.2803000000004,4.541547051282844,-0.33198909747480143,24510.050248579544,24712.82749368687
12,5263.809,-2.3923405694841136,-0.22380965803232458,23103.70961568813,24118.083076862375
13,9176.869700000001,-29.599293390909832,-0.019068399434815152,19875.533469460228,20445.07841106376
14,8001.482599999996,-40.33657312874842,-0.04967069152667366,16830.086598405935,16628.04373816288
15,7480.4121000000005,-47.110484113596904,-0.07541973464604881,15083.722478693182,14957.949790877525
16,9172.284099999999,-52.29153010821101,-0.1329862598066378,14078.158804845329,13999.186109138258
17,8787.980999999998,-57.110467698838974,-0.16290353584771206,13733.91533499053,13656.944799558081
18,8929.195,-61.66513670333708,-0.1807796935541461,12692.69785748106,12612.854418205492
19,9714.286900000001,-65.98419463032424,-0.19854657833624367,12234.767775410353,12128.927024147728
20,9601.4574,-70.25008269030639,-0.20782697817893944,11709.923029119318,11599.372839725378
21,9679.977000000006,-74.48771436286695,-0.24026903239163486,11418.495738636364,11291.709230981693
22,9224.429699999997,-78.59068444762568,-0.262470904173273,10686.787642045454,10551.362788036617
23,10040.112000000003,-82.69197190409959,-0.274921426869402,10835.997612847223,10714.08636166351
24,10019.126900000005,-86.83877370815084,-0.3044564674297969,10617.539521188446,10485.56041863952
25,9481.3315,-90.87355295817058,-0.31195431962759806,10073.126094933712,9926.877293442234
26,10301.362100000002,-94.88857985987808,-0.32884491980075836,9828.228767163826,9690.726527975063
27,10092.170699999997,-98.91646575927734,-0.3650317679752003,9696.85143426452,9567.046056265783
28,10823.695199999995,-102.89725247778074,-0.37090471296599414,9546.581123737375,9406.547965001579
29,9894.1478,-106.90872261740945,-0.37687385142451585,9706.568329782196,9574.682015467171
30,9927.989199999998,-110.94168792108093,-0.4151618676354187,9138.057942708334,9009.51895419034
31,10041.087099999999,-114.84928670555654,-0.424347779365501,8979.500113439079,8858.629858151831
32,9629.862199999998,-118.78768265849412,-0.46165751778718195,9013.753669507576,8884.52534130366
33,9633.522,-122.70145370021011,-0.4509550736408041,8917.8509213226,8785.468074297663
34,10061.337800000001,-126.65657575202711,-0.49159907933437463,8740.876198508522,8611.728752367424
35,10122.124,-130.57006535385594,-0.5041759829930584,8565.903882575758,8431.587693339647
36,10460.046900000003,-134.44649621212122,-0.5060087650111227,8551.22919625947,8410.034357244318
37,10550.056299999998,-138.38136291503906,-0.535249900637251,8404.286719736427,8275.363828716856
38,10189.9696,-142.29957472675977,-0.5620154151410768,8317.348277698864,8188.473558830492
39,10577.222099999999,-146.21942955556543,-0.5672109349809512,8260.690158420139,8131.384898792614
40,10363.179999999998,-150.1112262456104,-0.5852354650545601,7885.603673453283,7757.786566840277
41,10767.808799999999,-153.9425981309679,-0.5867628136066475,8131.48388671875,7994.375567195391
42,9966.502399999998,-157.85513752638693,-0.6211957190975999,8008.649157591541,7871.83107934817
43,10044.092400000005,-161.74691895764283,-0.6338344231398418,7914.863517992424,7774.98834536774
44,10295.976,-165.64216382575756,-0.6632732821233345,7845.237492108586,7737.274039220329
45,9827.580999999998,-169.510273326527,-0.6901047843875308,7789.267528803662,7657.558588817866
46,10367.420900000005,-173.3528914018111,-0.6827662021222741,7589.267528803662,7454.725507023359
47,9876.443099999999,-177.21389123165247,-0.6790226150040675,7780.583348129735,7638.926165956439
48,9870.542600000002,-181.11209938742897,-0.7297583330761303,7636.526194562815,7497.766798847853
49,9762.1995,-184.94737089523161,-0.7197211336607885,7488.323587436868,7350.503827335859
50,9612.114399999997,-188.78788988517994,-0.7068146154133961,7502.744865648674,7360.485820115215
51,9907.854400000004,-192.6139566440775,-0.7174517403949391,7439.854590830177,7300.766754458649
52,9836.7719,-196.46318531999685,-0.7777581708599822,7340.449623184974,7214.918338660038
53,10225.642499999998,-200.25943501790366,-0.7162126790393483,7316.790098248106,7174.514678030303
54,9879.625899999997,-204.07041129680596,-0.7649314969477027,7152.166227706755,7020.631170099432
55,10844.952699999998,-207.86606374413077,-0.799385621090128,7094.663431186868,6966.978278882576
56,9630.126,-211.63108286231454,-0.7273713232892932,7055.256214488636,6942.394570707071
57,9646.882599999995,-215.4298516475793,-0.7430462358575879,6989.394629892677,6865.187460542929
58,9909.2145,-219.22168816460504,-0.7368540956516458,6938.278635969065,6761.038579150884
59,9927.738,-223.03151648935645,-0.8379783094531358,6939.293077256944,6804.299819483902
60,9925.9776,-226.82402146464648,-0.7867054192706792,7078.483985361427,6943.610632694129
61,10813.763200000001,-230.6324956104009,-0.7639882721082129,6931.50148950442,6804.645285866477
62,10431.988,-234.42590116250395,-0.7629679947188406,6857.245408183397,6722.765067668876
63,10131.0703,-238.2280456851227,-0.7958579996619561,6777.557311395202,6660.237955729167
64,10526.706100000001,-242.0135260687934,-0.8186384884998051,6793.444986979167,6667.344085385101
65,9458.9727,-245.80231206104008,-0.8184666916577503,6689.882245304609,6579.623002485795
66,10357.4079,-249.5711626765704,-0.7390289279547605,6688.014830926452,6573.764801333649
67,9953.082300000002,-253.364926887281,-0.786658234367467,6621.536857836174,6508.188821811868
68,10849.619799999997,-257.14869443334715,-0.7839818305966227,6553.064275568182,6430.56462081755
69,10095.310899999999,-260.9255904380721,-0.8777997180668995,6544.82897332702,6426.461499763258
70,9718.772699999998,-264.6686049952651,-0.7817088425761521,6451.450974589647,6327.063392716224
71,10203.240999999998,-268.4384679312658,-0.8304437603613343,6572.772702612058,6453.467541627209
72,10654.055700000003,-272.18899597784485,-0.8468408972928019,6434.295232599432,6313.688777422664
73,10515.773,-275.9617472947246,-0.7243262291556657,6379.055742976641,6259.509045533459
74,10352.695199999998,-279.7355359010022,-0.9074653134201512,6387.021435053662,6268.359019886364
75,10081.175599999997,-283.4945305718316,-0.8372226018797267,6365.105370107323,6252.989060527147
76,10350.994200000003,-287.2878143618805,-0.8349118593967322,6341.245881668245,6226.210863517992
77,10309.828800000001,-291.04436793471825,-0.7536684167806549,6298.388533775253,6191.450254498106
78,9920.387199999997,-294.77361413204306,-0.7890913299839906,6202.811617148043,6102.296006944444
79,9979.075899999996,-298.5073991255327,-0.7833931891605107,6246.074815538194,6133.539674084596
80,9837.004800000002,-302.24088880750867,-0.665067838711871,6260.449144767992,6143.143697719382
81,9344.427799999996,-306.00457517065183,-0.76184873207651,6209.236342921402,6101.929603653724
82,10057.4716,-309.778219820273,-0.7966345289740899,6183.385130602904,6079.756505484533
83,10345.070999999998,-313.53075832790796,-0.7988254464033878,6167.284312855114,6066.247149226641
84,10111.718499999999,-317.26519991171483,-0.8089899483955267,6000.879577020202,5903.376815025253
85,10109.952399999998,-320.9764428957544,-0.7199900192443771,5957.332341974432,5853.337939946338
86,9250.581999999999,-324.6867123998777,-0.7138424578941229,5926.154819681187,5837.651480626579
87,9630.216100000001,-328.3700182365649,-0.5397485411076834,5911.661852904041,5813.74700619476
88,10253.746800000004,-332.1077828455453,-0.7137252667523695,5985.213566327336,5875.404647056503
89,9510.612799999999,-335.80800127742265,-0.5140264069078245,5896.456441860007,5808.145848129735
90,9460.861899999996,-339.4935629488242,-0.5985613683558474,5813.313254616477,5710.49362768308
91,9595.581600000003,-343.17936105439156,-0.49186787569914203,5812.568877249053,5708.844711766098
92,9788.972199999998,-346.89570756392044,-0.6838554530733764,5765.839927596276,5675.692688604798
93,10005.547299999997,-350.5520485001381,-0.4628355690475666,5826.624373619003,5730.398615056818
94,9029.546,-354.25786459566365,-0.5809727234370781,5669.692402541035,5573.33232717803
95,9499.063600000001,-357.9265065819326,-0.40858542550392823,5711.146933199179,5617.543427438447
96,9625.789500000003,-361.62207524463383,-0.5619587838047683,5693.985277580492,5592.873165246212
97,9091.620299999997,-365.2779013893821,-0.40181196213822173,5586.8850862137,5488.419635811238
98,9997.5879,-368.8957547274503,-0.42119171840110514,5573.704210069444,5482.319853811553
99,9846.730499999998,-372.54586822818027,-0.4789553667145847,5531.60101010101,5438.844440498738
100,9111.0305,-376.19281622376104,-0.18865017007772972,5624.655066287879,5526.120112255366
101,9758.3033,-379.8539869520399,-0.282237394797531,5501.828869752209,5410.157734572285
102,9133.465300000002,-383.47694258256394,-0.15566653652925683,5549.640694049874,5459.2151643387
103,9641.3838,-387.1591840031171,-0.21754689486415096,5550.546717171717,5460.849727746212
104,8842.001100000001,-390.8278457179214,0.003390338196597918,5433.40693803267,5346.93811651673
105,9552.024800000001,-394.4466025612571,0.10942687036827056,5466.471206202652,5375.088916508838
106,8786.619499999997,-398.0496789180871,0.2873517100068957,5400.84909643308,5306.934343434344
107,11029.466299999998,-401.6190684925426,0.4894694844354885,5424.357939749053,5344.960967092803
108,13143.4116,-405.25079993045694,0.5075787962085069,5401.59491891572,5285.715711805556
109,12135.281499999997,-408.85736268939394,0.7098833032403932,5516.550529711174,5418.097749960543
110,13595.169900000003,-412.520231613005,0.5239572551364851,5416.752268781565,5297.75761274858
111,12300.786100000001,-416.165107495857,0.590825104521531,5426.719625453757,5291.03273950442
112,11508.689499999997,-419.87299909495346,0.4479305257061214,5515.963951033776,5383.241001321812
113,12223.682299999997,-423.5914053868766,0.44594488059631504,5365.686567826705,5222.155539772727
114,12918.563300000003,-427.3230855922506,0.1544873716516627,5406.638755721276,5258.351345486111
115,11231.060899999997,-430.9702096033578,0.46930198314966576,5505.022574376579,5337.095823962279
116,11345.894400000001,-434.6710565740412,0.49411464601077815,5420.820988202336,5262.50595555161
117,11558.143999999998,-438.3617202296401,0.5497442178352915,5434.752683080808,5277.948908025568
118,11697.424799999999,-442.04466571229875,0.6690987572638374,5387.283094618056,5190.853024877683
119,11103.7901,-445.7185866230666,0.6852168060011334,5391.023708767361,5208.381500552399
120,12214.62,-449.3787225280145,0.701687151885996,5372.307814472853,5177.459521977588
121,11966.794200000004,-453.0252919823232,0.7085519087209244,5354.718372691761,5193.527476917614
122,12751.884000000004,-456.8694470338147,0.6549908756795857,5305.611508147885,5163.027545967488
123,12671.281099999997,-460.6900079900568,0.6351478825313877,5440.215603298611,5305.052475437973
124,12428.597700000004,-464.5675520463423,0.4866572197413806,5419.422000769413,5280.213640309344
125,12496.634999999993,-468.3284184619634,0.42587075258294743,5349.87958688447,5239.465206261837
126,12478.0748,-472.01969709300033,0.5558399769355251,5355.100082859848,5245.350255484533
127,12805.989699999998,-475.88089513297035,0.40137329695727486,5340.253109710385,5242.101227114899
128,12704.060500000001,-479.6700211341935,0.4401820315179801,5431.166819562815,5297.407029277147
129,12827.0844,-483.453463775943,0.37021269730169964,5463.556191800821,5374.947719381313
130,11772.668399999997,-487.18598706794506,0.3778385587337643,5428.651100852273,5326.935004340277
131,12738.007800000001,-491.03358474885573,0.44308944565780234,5413.592830157039,5332.737250434027
132,12506.628399999996,-494.77826359296085,0.4766427578611506,5345.761967822759,5267.477013790246
133,12406.711500000005,-498.6036500256471,0.2716596932385606,5360.922607421875,5270.591905381944
134,13234.0758,-502.20033772786456,0.47141700196597314,5540.610050702336,5472.283790048927
135,12982.032499999998,-505.90770898684104,0.49689772292369544,5607.696565261995,5545.194765033144
136,13249.0417,-509.93527129202175,0.37690321754927586,5483.254251499368,5412.063328598485
137,13261.2131,-513.5680412523674,0.44967180407709545,5415.270527541035,5342.251662129103
138,13316.066,-517.3715441154711,0.3767273229067073,5489.351505780461,5390.863204801925
139,12804.734399999996,-521.0887469667377,0.3296377472579479,5525.431749131944,5450.088894314236
140,13382.269800000002,-524.7047840465199,0.6003746157794287,5511.814640546086,5434.795935428504
141,13129.884999999997,-528.7294872553662,0.2815018579401452,5479.559585108902,5406.716301195549
142,12809.667200000002,-532.1828243371212,0.35169572680436,5552.587545375632,5464.82370580808
143,12938.995299999999,-535.8941231159249,0.46648893415024784,5510.994347774621,5471.376228101326
144,12873.236800000002,-539.6309068467882,0.349827616804778,5647.732525449811,5575.046603732639
145,13369.651300000007,-543.7170188210227,0.29679208741796137,5469.923667830651,5393.149808633207
146,12989.752799999998,-547.2974699386442,0.3302750138735229,5401.336906664299,5331.295548255997
147,13417.578299999992,-550.9219674775095,0.31078166958659587,5471.244868114741,5403.354082820391
148,13313.888400000002,-554.8341816603536,0.3796035426132607,5487.145386975221,5420.342006490688
149,13599.541400000002,-558.5946612117266,0.25285946015230937,5478.088857323232,5379.122524068813
150,13594.855599999999,-561.92112654869,0.6033459257033437,5747.088588521938,5679.935246014836
151,13063.626200000002,-565.7587212456597,0.30037456923964045,5625.050751657197,5564.433413727115
152,13379.334800000002,-569.7015029444839,0.28340983619405463,5615.336413450916,5542.323949948705
153,13475.560299999994,-573.0740757181187,0.28213276548518074,5677.011807528409,5604.65334497317
154,13073.430900000007,-576.7351105044587,0.3481944052671844,5542.407823350694,5458.628792810921
155,13230.666600000002,-580.4041113034643,0.3722662456107862,5589.43610667219,5548.906854186395
156,13329.597100000005,-584.1498813821812,0.24158011038195004,5884.353143248895,5834.584877091224
157,13211.777700000004,-587.8733958234691,0.24343505913786817,5643.057419902147,5582.200819227431
158,12682.966300000004,-591.8911829476405,0.2496422446436352,5645.306618430398,5576.240628945707
159,13671.708299999997,-595.5247217043482,0.3180168066926376,5738.087676077178,5697.530416469382
160,13656.720999999998,-598.9474820223721,0.24263825668304256,5679.620373658459,5628.996929746686
161,13914.573600000002,-602.6243914979877,0.20495500628168534,5608.849202473958,5553.915682705966
162,13290.410700000002,-606.6918723366477,0.2276155450428375,5627.82343454072,5554.742623993845
163,13222.141700000006,-610.0115079012784,0.21609163455514593,5904.947379064079,5845.892755681818
164,13405.292100000002,-613.6956361712831,0.28218277216409193,6000.218532986111,5944.933371803977
165,13729.775500000003,-617.4758602874448,0.2391625029608758,5722.878743489583,5702.764759410511
166,12318.709600000004,-621.2299323804451,0.18267510174726598,5859.028771602746,5803.614807745423
167,13474.039299999999,-624.70742150509,0.17392352055946383,5788.022732204861,5741.777772845644
168,14501.500600000005,-628.6639108368845,0.18766838689381726,5774.444165778883,5741.415315261995
169,13852.2677,-632.2004086272885,0.23198108356257882,5909.112188782355,5854.946651574337
170,13335.724400000006,-635.9290506382181,0.2655276372238542,5907.131424104325,5846.87756964173
171,13400.535899999997,-639.1466008966619,0.24492794787981595,5756.267536201863,5730.212584832702
172,13474.5432,-643.1974647599037,0.12925095862774838,5940.997817530777,5917.740382339015
173,12763.948900000005,-646.8163261028251,0.1319926600536388,5663.40693803267,5651.203820430871
174,13801.133800000001,-650.390371611624,0.18346936949952083,5841.998369929766,5790.400543521149
175,13995.627800000006,-653.9850248086332,0.17666476035509446,6024.946326053504,6007.485467467645
176,14060.423200000003,-657.9183485243055,0.1002448642005523,5943.438915522412,5899.619367503156
177,13399.758200000004,-661.598427512429,0.11028611814283361,6021.788216639046,5973.68737176452
178,13536.565,-665.0160923196812,0.1258139947730333,5909.260241575916,5912.820709536774
179,14293.527900000001,-668.4110878067787,0.1044800141732199,6024.825397529988,5986.248443911774
180,13616.787400000001,-672.7785311612216,0.09845186387085253,6043.791119199811,5974.964991714015
181,14088.5667,-675.9648967704387,0.10611441145378231,5908.306988340436,5857.66657542219
182,14337.959599999996,-679.4498858211016,0.11218446619206607,6016.041587752526,6023.376721314709
183,13632.3851,-683.1934333570076,0.08373616391209641,6263.797513711332,6215.03202681108
184,13108.357399999997,-686.6242176402699,0.06563308725434572,5964.611143169981,5941.717768505366
185,13984.658999999998,-690.4692894521386,0.0730076068894693,6200.201482599432,6188.860346630366
186,14057.873599999997,-693.803304652975,0.06366249457980046,6188.369086371527,6149.586963383838
187,13552.745899999998,-697.7199861160433,0.05843618208768241,6211.394518919666,6128.946856257891
188,12970.465600000001,-701.1171640723643,0.037835099466257925,6119.535067471591,6097.528369633838
189,12759.215199999997,-704.7744541360875,0.038540311628068334,6406.860758463542,6396.960496074022
190,14277.6106,-708.9437163381865,0.022168236850488066,5997.062734276357,5964.222145774148
191,13740.044499999993,-711.8752589370265,0.026191500751677938,6348.83688200363,6213.15875552399
192,13446.8287,-715.4141722399779,0.01544087916974806,6440.141073824179,6342.016362354009
193,14710.231099999997,-718.983179574061,0.00620347689049356,6094.297121606692,6079.027654474432
194,13623.540799999999,-722.4785834418403,-0.000979578614707788,6192.255553582702,6184.551225142045
195,13028.423400000001,-725.9545947758838,-0.007009002366550079,6379.683630741004,6309.056199199022
196,13893.982600000003,-729.5684851444129,-0.01714609460105574,6110.718856040878,6075.655756786616
197,13548.2734,-733.4209101513179,-0.015622726569864711,6365.817138671875,6339.569363064236
198,14140.6292,-736.816832879577,-0.03232888229228933,6072.00764480745,6001.869244199811
199,13370.483200000002,-740.4815488873106,-0.02500963553014879,6233.501943260732,6188.708439374211
200,13296.062799999998,-743.4875025893703,-0.039836029122310754,6167.951359296086,6167.283555772569
201,13554.717100000003,-747.1134384617661,-0.04422468078238043,6578.31048275726,6532.006604127209
202,14117.287799999998,-750.6692338423295,-0.047526447013058144,6363.319725576073,6346.435036399148
203,13442.299700000001,-754.1551297891019,-0.06012119120339665,6196.674392854325,6145.285568083175
204,13630.0452,-757.7246272539852,-0.06509546947317442,6440.937465475063,6393.722241950758
205,13535.0982,-761.3201534386837,-0.06662179560240622,6505.468999072759,6429.68200067077
206,14114.420000000007,-764.9303194296481,-0.08440642754989441,6339.959006569602,6305.171251085069
207,13319.091800000002,-768.248916163589,-0.1198086740044557,6781.867725102588,6705.530626085069
208,13897.063800000002,-772.0451530687736,-0.09113201005102108,6628.200843888099,6609.534174755366
209,14151.841700000003,-775.3512918491556,-0.12049170869468438,6435.63506155303,6314.538233901515
210,14631.154699999997,-778.438125147964,-0.14242814755951516,6472.138570766257,6377.318277994792
211,13759.797700000003,-781.8644150242661,-0.10875387121029574,6808.096304845329,6851.110837377683
212,14018.572799999996,-785.7791797368213,-0.09787133322896982,6525.69277491714,6523.536608763416
213,14204.126800000002,-788.6512969045928,-0.13642560365148867,6843.315313782355,6736.08440853851
214,13080.490600000005,-792.2106730143229,-0.15830722524586952,6853.116548788668,6798.283042830651
215,13048.4787,-795.6813268179845,-0.12065656795495688,6430.049005681818,6398.736448962279
216,13650.8419,-799.6668263444997,-0.11933949181452544,6313.605029790088,6269.209817905618
217,14179.242700000003,-802.8558411261048,-0.13851289499099506,6183.178365688132,6153.391096018781
218,13629.174900000002,-806.6932601158065,-0.11441205720407795,6565.00354620423,6548.122689295296
219,14215.148100000006,-809.705625591856,-0.16858141494896076,6675.213689630682,6595.322541824495
220,13120.388399999998,-813.4131198459202,-0.11578604722903534,6521.15247198548,6487.759908656882
221,13828.2999,-816.6908180930398,-0.14983449184871983,6689.394854304766,6679.13870393387
222,14207.669800000003,-819.7389760643545,-0.16281044000120024,6885.037035392992,6839.007294625947
223,12533.500100000005,-823.1494880445076,-0.11612529230463986,6754.257398200758,6740.793942846433
224,14194.397000000003,-826.8202835237137,-0.1440674573314762,6639.60029000947,6563.662499013573
225,13425.575700000009,-830.2462158203125,-0.15341244933355336,6715.316024009628,6689.176311454387
226,13567.263799999999,-833.5719333224827,-0.14322410754370268,6535.476500848327,6567.189406269728
227,14534.049300000002,-837.1944672555635,-0.11507363139529421,6894.502221926295,6898.954656427557
228,13086.064600000002,-840.2485493361348,-0.15589167417798455,6811.816884666982,6733.318364307134
229,13312.9176,-843.9811691130051,-0.2082373812945202,6680.985857106219,6711.846040976168
230,13629.595599999999,-846.6457889441288,-0.12599067542363296,7329.975857204861,7303.223494712753
231,13676.146100000002,-849.5214831419665,-0.20203494070793945,7239.940471610637,7172.431389086174
232,13632.710600000002,-853.8004292189473,-0.13969155942851846,7057.854605626579,7019.35817402541
233,13747.231200000002,-856.6780740757181,-0.1674682470508898,6821.147473267834,6797.640047940341
234,13520.313299999996,-860.291611180161,-0.18761493929784107,7271.715590968277,7200.586132319287
235,14134.649900000004,-863.2837999131945,-0.19916640814732423,7181.68681196733,7155.11139224274
236,13706.930599999996,-866.0461357964409,-0.20296526873352552,6974.584092881944,6866.129927201705
237,13055.792300000003,-870.0396870314473,-0.10025368751299502,7071.810941445707,7006.000897648359
238,13760.154799999998,-873.5079487501973,-0.15634601725020794,6965.628472222223,6847.871397076231
239,13388.167900000004,-876.7108807804609,-0.14799957818850273,7544.48972143308,7487.282115589489
240,13604.6629,-880.0551418728298,-0.12850914606730443,7088.588132299558,7052.480064315026
241,13548.063700000002,-883.085748229364,-0.22605169929488741,7189.952182962437,7143.904511422822
242,14048.3446,-886.1605045819523,-0.21221222490486172,7067.932952572601,6743.870583274148
243,13152.7632,-889.6305184412485,-0.15187130426291864,7111.975556344697,7057.597619258996
244,13578.260400000006,-892.4336017647175,-0.1753170858090273,7251.594773417772,7168.119091303662
245,13870.348399999995,-896.2268103397254,-0.23025277530247665,7065.817994397096,7082.931941485164
246,13456.800200000007,-898.9617938417377,-0.19337268054221918,7752.554214015152,7750.622090041035
247,14003.565800000004,-902.530097730232,-0.13836602951315316,6844.246332958491,6819.607727667298
248,14036.499299999998,-906.5638174962515,-0.08169206581784016,7336.087898023201,7268.379557291667
249,14134.120599999997,-908.7290507615214,-0.24864289637730277,7681.314914279514,7656.44319168245
250,13886.039399999998,-912.6890591708096,-0.12239716059029704,7308.92331518308,7203.766544842961
251,13350.3675,-915.975677181976,-0.13259479874801455,7077.023065123895,7044.558601148201
252,13883.271499999997,-918.8878685537011,-0.09971992951827217,7430.198513454861,7371.693832859848
253,14417.771200000001,-921.8132102272727,-0.18080472694992117,7570.510480784406,7524.190099234533
254,13704.708400000005,-924.6104434234927,-0.22681882458202768,7227.549262152777,7149.30035708649
255,13587.033200000007,-928.2905199455492,-0.1169310203762819,7216.099039713542,7112.019084891887
256,13643.196499999995,-930.2109621606692,-0.21467842174825644,8014.244093769728,7922.739469894255
257,13725.354800000001,-934.2427084566367,-0.15313801925742265,7432.513225516887,7439.838714291351
258,14130.125599999996,-935.926353994042,-0.26477369043336374,7728.931186868687,7572.289950284091
259,13732.647599999997,-939.9308761442551,-0.1661064207854897,7578.406918304135,7543.211810487689
260,14435.726599999996,-942.653235849708,-0.20928299713014353,7657.9541015625,7560.050468059501
261,14183.4098,-945.7463274098405,-0.14817614889129846,7665.850904060133,7521.089560152304
262,13339.993299999996,-948.3258919764047,-0.27014473852033566,8241.650605172821,8069.698064630682
263,13601.3738,-950.8218599569918,-0.1648560544720503,7535.765787760417,7486.546628393308
264,14114.5533,-954.9065477775805,-0.16044258787249677,7558.880607836174,7420.746328026357
265,13482.293500000003,-956.2976925011837,-0.1838851845588046,8472.684385357481,8368.583804352114
266,14819.2755,-960.0495408183397,-0.21829328317232807,8018.467489839804,7865.957620639993
267,14653.9111,-963.3758779198232,-0.1728610811623359,7871.731876874211,7667.609658597696
268,13274.417899999995,-966.356048275726,-0.1695672720388481,7511.028007122001,7434.196229876894
269,14371.073100000001,-969.1015421549479,-0.207362621872112,8283.257814966068,8056.04043116714
270,13549.291900000004,-972.3285775232797,-0.1441430046853393,7731.95661448469,7524.248300879893
271,13972.603299999999,-973.8596789427478,-0.25224645392536515,8520.763686671402,8125.296690044981
272,13810.593300000002,-976.9782092161853,-0.18578153466711742,8101.455080591067,7887.680883542455
273,13746.003700000001,-979.912171026673,-0.15633227587724574,8070.354190094303,7944.054916844223
274,13665.586400000007,-983.1707140989978,-0.220672181007838,7930.76162257339,7739.019388218118
275,14162.530800000002,-985.877737950797,-0.23562728380314027,8143.960747612848,7881.059693615846
276,14609.903900000005,-988.176851523043,-0.12926922491140136,8045.801091974432,7802.711245758365
277,13907.141500000002,-990.7858282532355,-0.19643189346022677,8743.742374921087,8367.27294921875
278,13730.713899999999,-993.8537024295691,-0.18104931668877,7977.54841135969,7622.967198843908
279,12797.304900000003,-995.9185698538115,-0.15006085687476878,8300.859818892046,7987.733354048295
280,14259.0308,-998.7847900390625,-0.14772521106131148,7948.775287050189,7698.933837890625
281,13824.9839,-1001.7745410649463,-0.27846904716106374,8880.108928641888,8385.699265605272
282,14201.098399999999,-1004.5401050297901,-0.18850492708610767,8638.007435191761,8562.490853357796
283,13412.1808,-1008.1734582149621,-0.07515042041889344,8168.561633177478,7656.12965840041
284,14006.5257,-1011.3101159298059,-0.19952740860783091,8228.846080433239,7812.155354817708
285,13216.778499999999,-1012.667601306029,-0.16730959472632168,8964.899571890783,8484.094970703125
286,13983.972899999997,-1014.623329856179,-0.1460610937816326,8557.762458570076,7815.605895379577
287,13594.682800000002,-1016.7530012034407,-0.08198851774060967,8202.646878945707,7892.502192333491
288,14131.8014,-1021.0631794014363,-0.11238815567710182,7978.546788687658,7426.987640072601
289,13713.6294,-1022.743746054293,-0.073125393816618,7993.875668304135,7642.001665828204
290,14632.8615,-1026.7830397480666,-0.1993550940256829,7586.712801846591,7326.815511067708
291,14132.783499999996,-1028.3917347301137,-0.09502288142238001,8577.187316278014,7905.975830078125
292,13886.785100000003,-1031.4416670365767,-0.09514015388082374,8481.851515644728,7874.786359690656
293,13964.6847,-1034.0533934313842,-0.12388508219384786,8718.363234394728,8166.799826882102
294,13346.370100000004,-1036.3861755987612,-0.11729702067495597,9005.709304963699,7975.013881490688
295,14490.097099999999,-1037.7127247819997,-0.11518550400782113,9008.34231721512,8222.667862709122
296,14352.339800000005,-1041.0247704091698,-0.20100128637495066,9196.328152126736,8106.211240826231
297,15333.656100000006,-1044.203996754656,-0.13704741550515395,8316.007210779671,7620.422741822522
298,13955.387599999996,-1046.1515780362215,-0.08924213095069533,8063.178088255603,7455.424688782355
299,14777.144100000001,-1048.7262462269175,-0.08269550726570264,8900.932067254576,8193.595624210859
300,13993.703400000002,-1051.819314975931,-0.09273305966170749,8700.227950895676,7818.803738064236
301,14129.991899999997,-1053.9443236071654,-0.10100298250714938,8849.52968158144,7833.685218888099
302,14888.228800000003,-1056.258770566998,-0.07211631210991229,8959.341796875,8112.205166903409
303,14162.352,-1057.6445534446023,-0.08318887282200534,9432.306694878473,8332.536103219696
304,14284.8584,-1061.861344154435,-0.05699568492068787,8581.800031565657,7794.984508167614
305,13909.308700000003,-1064.744763306897,-0.15587474827212516,8790.214285185843,7859.642913510101
306,14179.908099999999,-1065.9458538016888,-0.07878753864629702,8776.868220782038,7808.71748490767
307,13518.550799999999,-1068.7057612255367,-0.11015918882883559,9330.211221097696,8319.382183652935
308,14934.1998,-1071.578141029435,-0.12562488563208266,8387.993558633207,7715.86380159012
309,13976.9229,-1073.581563930319,-0.11608456963240499,9014.721593375158,8105.242897727273
310,14277.272400000003,-1075.9788066208964,-0.1360141026665165,9242.899460917772,8071.7522737137
311,14196.923400000001,-1078.2168794882418,-0.10009992784923977,8870.29048788668,8002.237505671954
312,14610.0736,-1080.06494140625,-0.07734470440055986,9693.043230153093,8443.780603890467
313,13656.450900000002,-1081.2725053267045,-0.12976243339403712,8837.747420494003,7870.574319858743
314,14597.400899999995,-1080.9213583589803,-0.12411868877031586,9208.403446081913,8018.8423332445545
315,14468.5378,-1072.9026618726325,-0.28781622800637374,8204.36807528409,7470.837589764836
316,14448.449600000004,-1071.4284113103693,-0.24516066169422684,9257.426955097853,8031.631256411774
317,15173.460600000006,-1073.213810467961,-0.21697816845368256,8300.879607846038,7024.065488873106
318,14625.974900000001,-1071.559599905303,-0.07580406469001312,8669.575840189,7492.909184619634
319,14386.379899999996,-1068.681905727194,-0.3310519561472565,8298.500284830729,7325.235990273832
320,14989.325600000006,-1058.0574587427004,-0.44004744558472825,8135.066349530461,7126.199383976484
321,14178.8138,-1053.9719484887942,-0.47305751272072694,7378.696074514678,6343.909253669508
322,14843.501700000004,-1048.3716042258523,-0.5408152531493794,7523.517416597617,6607.035155016966
323,14370.303099999997,-1043.702732278843,-0.25471794752008986,7435.108842329545,6772.093786991004
324,13685.524000000001,-1040.8349664861505,-0.32003087629423,7017.851542771465,6369.5390292080965
325,14528.662899999998,-1031.7685781151358,-0.5265761972828344,6910.305338541667,6389.618342852352
326,14380.498300000001,-1025.777590356692,-0.3915868825608432,7006.716274068813,6302.2112001361265
327,15154.280199999997,-1012.7629456182923,-0.5403352134080246,7250.2837025035515,6924.653788865215
328,14729.2659,-1008.4394420276989,-0.39577789337496566,6991.857626558554,6282.169627180003
329,14039.469500000005,-1000.0117495758365,-0.3151738295952479,6204.299469302399,5727.993477252999
330,14642.024599999999,-994.1132818665168,-0.25285858073920914,6528.815993183791,6063.559697314947
331,15348.079200000002,-986.4922682636916,-0.47340940093301764,6445.284957731613,5918.179845328283
332,14777.526800000005,-979.9800341057055,-0.3798243755267726,6570.550987166588,6127.8757065281725
333,14995.5096,-980.0414299242424,-0.35766634036495226,5752.584641581834,5371.372795336174
334,15107.793099999997,-977.0338930072206,-0.2998614921187512,6709.822534426295,6104.658999664615
335,15651.362899999998,-976.2183276860401,-0.1846551163441906,6467.673037750553,5963.8818470348015
336,15456.983199999997,-974.3525378294665,0.0036818624069594372,6369.912538470644,5762.21064897017
337,14857.055600000002,-976.2137740934738,-0.14833854661896975,6273.884398181029,5815.320492522885
338,15255.109200000004,-974.4830624358823,-0.13892810968588096,6854.005324238478,6527.21035304214
339,15280.755099999997,-978.7986018633602,-0.20468052115404245,6384.881729896622,6044.296485361427
340,15964.4448,-981.383921613597,-0.26070336508329467,6795.17829417219,6441.823065863715
341,15465.328799999996,-982.6231294882418,-0.17855946719646454,7201.360149345012,6936.459790778883
342,15260.078199999996,-990.8566351996528,-0.10066265718202398,7906.17607717803,7505.439924143781
343,15615.099700000002,-996.3562061040088,-0.20093247313240561,7322.685988300978,7142.590041035353
344,15839.880899999991,-999.5284257368608,-0.2977315225459711,7873.735149345012,7986.18518682923
345,15524.158800000001,-1006.3383073903093,-0.14447700947222084,7933.080677379261,7615.560956242109
346,15202.049100000004,-1009.0748309511127,-0.12748946874129652,8017.519642223011,8082.851912681503
347,15783.226699999997,-1017.6287175958806,-0.000600265809381851,7645.928558041351,7589.315585049716
348,15752.499100000005,-1022.0901526248816,0.06335267473501388,7754.596911497791,7487.982103752367
349,15135.87580000001,-1024.2464507131865,-0.031129568664714544,8101.676082110164,7853.077831538037
350,15764.112599999997,-1027.3507486979167,0.1673570473988851,8631.396439985796,8100.253376045613
351,15576.789900000003,-1031.6924087062027,0.1973852033190655,8226.349039713541,7730.861897786458
352,15429.8872,-1037.0072952424637,0.11946799869489189,7505.652220446654,7210.0491487137
353,15758.401400000006,-1036.7421270813604,0.10445912641407264,7802.577556571575,7510.635673137626
354,15894.660100000003,-1041.510896933199,0.12370105697350069,7148.070037533538,6852.63799124053
355,16268.114699999998,-1043.7177697383995,0.1182682535451169,7064.02131668245,6789.719640250158
356,15496.024199999998,-1043.7695953677398,0.06345872005278413,7766.127759528883,7436.235603101326
357,15746.303500000007,-1044.4801549429844,0.04456913689471254,8816.838551530935,8457.925034031723
358,15860.606199999998,-1043.7869466145833,-0.006497687575491992,8814.934412484217,8549.527003432766
359,15488.777100000003,-1043.9030336322207,0.06468160138136209,8707.410859079071,8522.857027304293
360,15976.003299999998,-1046.0215669882418,0.11048345260246835,8786.836709378946,8499.982843572443
361,16113.527700000004,-1050.9034923206675,0.17831701378930698,8324.09508660827,8066.908639618845
362,15704.4278,-1053.7903707485007,0.09362692502562446,7981.657852943497,7678.118815104167
363,15333.521499999999,-1054.4422989662248,0.0411012979092622,8585.710917771465,8350.50403448548
364,15922.118999999997,-1055.0293572936396,0.08848919008265842,8000.878674439709,7967.742236821338
365,15895.8093,-1060.4420424952652,0.06247276391344841,7322.347777087279,7300.844107579704
366,16071.107,-1062.9602876913668,0.006764926129218304,8223.837025035511,7791.152383207071
367,16171.521400000005,-1063.0417246192392,0.0952688819832272,7580.326713176689,7519.103213531803
368,15652.828299999997,-1061.6499220722853,-0.04250511338915488,7514.9350770892515,7391.166946565262
369,15780.740999999996,-1061.2294971196338,-0.08735018155791542,8342.843246922348,7969.925241181345
370,16016.757099999997,-1062.8347895458492,-0.0736094123937867,7634.39860519255,7238.875276199495
371,15444.423699999998,-1060.7014234138258,0.03613334149122238,7530.886809994476,7440.030830768624
372,15657.839200000002,-1064.3190954959755,0.015021979921694958,7802.665026732166,7571.64817363084
373,15752.079400000002,-1067.550534643308,0.11313247287438975,7345.017928306503,7089.003373579545
374,15417.981300000005,-1068.7907542219066,0.006564972489470184,7735.998172644413,7754.957677359533
375,16024.726799999997,-1068.270647145281,0.029213894271489346,7700.7408891157675,7486.665995896465
376,16095.632699999998,-1072.070816810685,0.12795116633854128,7989.844620521622,7497.280086016414
377,15669.21350000001,-1075.0010184856376,0.034018644573863104,7138.369318181818,6951.69235815183
378,15088.043199999998,-1077.2764547328757,0.018475929745520005,7922.190079505997,7636.550850299874
379,15825.353199999998,-1078.8980022391888,-0.05541920161457977,7904.035190774937,7488.1315880977745
380,15542.232800000003,-1078.5150972616793,-0.031058517124767256,7945.405682804609,7629.133103495897
381,15550.5444,-1076.4774416528567,-0.010393381118774414,7952.635520241477,7712.924045138889
382,15308.463199999998,-1079.761632437658,-0.15864749448467988,7471.905756786616,7240.507158992266
383,15643.550399999998,-1080.7769491792928,-0.014429131014780565,7744.280159998421,7910.605289960148
384,15609.465000000002,-1080.9519992404514,0.02833505351134021,7693.992039535985,7427.5219763553505
385,16122.085100000004,-1082.636673127762,-0.10578898092110951,7500.238775696417,7207.850901594065
386,16027.158099999995,-1080.9614344124843,-0.08603404658009307,8164.450403695155,8031.190641769255
387,15213.1607,-1080.850964478772,-0.010681160227066338,8395.079526959044,8359.107535314079
388,15258.394200000006,-1080.8738372494477,0.008877232482638022,8274.110326901831,8185.134395714962
389,15456.457199999999,-1086.619747277462,-0.036759377203204414,6916.40729068024,6981.696365510575
390,15674.586099999999,-1089.4428316366793,0.04254178213651734,7606.9658203125,7394.764766808712
391,15420.875000000004,-1088.375549932923,0.07039195942607793,8480.572973386206,7912.484074139836
392,15570.751099999998,-1091.6850635258838,0.0819209823855246,7460.7624696673765,7339.51152639678
393,15496.246299999997,-1092.271817294034,-0.15618625249374996,7658.548517400568,7558.559725674716
394,15415.899099999999,-1088.8004199711963,-0.10769102361166116,8079.902949169428,7787.824927744239
395,15162.1756,-1089.280716096512,-0.1886513415310118,7299.487834891887,6930.5300773851795
396,15530.898200000005,-1090.0097458964647,-0.04924282397736202,7393.147480666035,7251.992799084596
397,15681.677700000006,-1088.3405404139046,-0.03017727311963987,7400.498364997633,7369.402126736111
398,15179.261199999999,-1091.1507667002052,-0.12579044534100425,8095.524160057607,8157.680680091935
399,15579.177900000004,-1089.1626494436553,-0.047612947120208936,8050.208523220486,7784.406052714647
400,16806.7153,-1088.5854060625788,0.009301696499489774,7264.576208866004,7070.858943438289
401,15343.894300000007,-1087.6312046243686,-0.1909966885366223,7878.5305977253,7693.895002268781
402,15130.321899999999,-1085.2726902817235,0.13973378326104144,7596.883435181897,7647.895024463384
403,15650.611600000002,-1084.9616551254735,-0.07075288158022996,7318.421947748974,6987.917882437658
404,16575.525099999995,-1082.1428752860638,-0.06527509739754175,7583.645280934344,7489.245752199732
405,16213.039099999998,-1076.530496616556,-0.008981261251851766,8052.791867651121,8046.574746488321
406,15906.155600000002,-1072.534783873895,-0.07345266222502246,8513.139658301769,8265.166859019886
407,15890.364800000001,-1067.2721674755367,-0.2970789700671278,8041.356238162879,7920.958187835385
408,15955.4981,-1061.1880141749527,-0.28456249505733,8587.58829012784,8461.746083885731
409,15502.711700000002,-1061.4174823183002,0.031632203834526466,8299.824110243055,8817.095057015467
410,15674.941100000002,-1062.4499000009864,0.2502108079315436,7364.043021770439,7950.278088502209
411,16306.472999999994,-1054.132732352825,-0.2671237167986957,8959.906134094856,8906.589333274147
412,16106.6736,-1043.028486772017,-0.48289306296242607,9214.411051432291,9308.891692806976
413,16484.3729,-1047.24427071003,0.11134420666429731,7530.060221354167,7539.851032295613
414,15591.024800000003,-1043.6108318290326,0.05542495173185763,7164.867453835227,7427.833281545928
415,16193.7418,-1023.3322402491714,-0.270411806425663,8339.81013010969,8665.114770754419
416,16118.436099999995,-979.3978407118055,-0.7947128058759251,11636.019546046402,11609.235129616478
417,15874.158999999998,-991.9131685507418,0.05078166350722313,10392.544865155462,10985.977889244003
418,15798.653400000003,-976.4549727006392,-0.14164952978943335,11387.133078835228,13251.378940774937
419,12095.750199999997,-970.4887498027147,0.3181990669532256,12029.606107461332,13727.404923255997
420,9067.1728,-975.8011406792534,3.562942897430574,25426.04585898043,27140.321279198233
421,7230.353400000003,-1031.5705492424242,4.376952308596986,12099.890632398201,11921.175251045612
422,11810.748600000008,-1031.9120279947917,3.0024967994352783,8837.34367848406,10458.994335444286
423,12105.839600000003,-924.6927052507497,1.6389536032020444,20193.261768071337,27321.619895241478
424,13661.848099999997,-912.7340174202967,0.8850701751206258,17722.298431088228,23342.598899147728
425,14397.310500000001,-888.6501483339252,0.703429722725743,14851.995215830177,21544.849382496843
426,14504.157000000003,-915.8018915966304,0.895053493743292,10866.183707189079,15662.343276515152
427,14524.402400000004,-908.5524723553898,0.8682158647312058,13557.728609335543,19418.530347419506
428,13337.7745,-929.2467657532355,1.5983794856854159,9785.265659524937,12356.457090435606
429,14800.394500000004,-873.3864185063526,0.006533799147365069,10669.22229620423,14426.266246448864
430,15148.896599999996,-885.2214725378788,0.020329841685415517,14431.863981613005,18124.004478377527
431,13878.2457,-884.7080861101247,-0.11405641367339124,24955.668757891413,34850.84812973485
432,11769.7838,-919.3595618045691,1.8202781340088507,22507.091417100695,31634.849925031565
433,12448.739500000003,-939.2077723031092,1.8898850546942816,9307.52870501894,11331.791148792614
434,12642.059800000008,-957.3031277126736,2.4045886704415986,8503.459378945707,11414.34753541272
435,13636.753500000003,-988.8334381411775,1.2420281671514415,10811.02254971591,11234.637224293718
436,14480.654099999992,-961.6761012221828,1.0426933040673083,13626.209724195076,14206.306966145834
437,13912.9688,-1005.9563931551846,1.4322721892685601,10893.522882634943,10908.084738991478
438,14483.4423,-968.2545147520123,0.6371847736940841,12861.994831123737,12925.247045651831
439,12946.5188,-1014.1453234739978,1.6137774654221957,10242.058660333807,10523.922264638573
440,13273.256500000001,-975.1063448202731,0.967167955456358,13926.246503117109,15187.380055437185
441,15748.273900000002,-997.8260541203047,0.9954088610606362,12393.334672407671,12265.895004734848
442,13910.185599999999,-961.4776278409091,1.3765155088645642,12760.916341145834,13934.565010456125
443,13616.603700000001,-934.7317751489504,0.6654666246037291,17090.32244318182,17519.22597557607
444,14451.258500000002,-952.8980719055793,0.5528708977831734,13787.781627308239,14728.948390151516
445,13375.503499999997,-900.389716870857,0.20941661930445468,15814.328080610796,19001.267087377684
446,14531.8313,-971.0670554421165,0.5123171603137796,9436.98219006471,12662.760722458965
447,12813.262,-929.7109800396544,0.9975150775239624,11000.247570924084,17494.420572916668
448,12265.492199999999,-902.3027023161301,0.24422585956677043,18696.90075067077,28302.931236190027
449,10124.674400000005,-956.882945051097,1.8244722909999616,9579.368410669193,12555.337816642992
450,14291.620699999998,-898.0170571683633,0.09402487329160324,18706.10669191919,28974.367927320076
451,14539.870600000004,-840.2217875779277,-0.15248184688765593,20229.511284722223,33643.551802201706
452,13581.865000000005,-930.2157278349905,1.4263873934520013,10811.851483585859,13561.968217329546
453,14725.172599999998,-805.2207721748738,-1.252578049597114,29954.10755011048,44989.79805871212
454,16724.91279999999,-816.1885036892361,-1.3442754559218884,31401.433218907827,41185.897017045456
455,15663.298400000007,-769.543580334596,-1.3881107478430776,25492.50599747475,35171.95020517677
456,16565.170800000007,-753.0907235193735,-1.7643881566596753,27230.06630760732,40307.54219933712
457,12057.345799999997,-833.3664920691288,-1.3649793804594965,21611.448577572603,24624.79691445707
458,13258.927700000002,-760.1380269985007,-0.48994121647844413,20712.2145379577,26600.97548729482
459,12664.9909,-883.53844413372,1.86848150299053,12594.417386758207,15744.08286478062
460,13259.1639,-907.1861689403804,1.3691685374337013,7951.940977154356,10625.980414496527
461,14365.645900000001,-905.489241783065,0.8983788699137442,7712.362778172348,9961.893251361269
462,14734.573499999999,-901.2659905944207,0.7054736683276868,8638.011521464647,11099.606415719696
463,14688.123800000001,-842.5173598780776,-0.11143420854903231,12251.09765625,16164.846324573864
464,12175.1869,-786.4832449248343,1.7872208776046532,17228.672456991793,24005.76095920139
465,15680.285499999994,-755.8072435783617,-0.8819364252114537,13134.504271227905,20751.9655145202
466,15258.037700000003,-715.092323996804,-0.4698551729923547,12632.224619239269,19158.893584280304
467,16125.187300000001,-733.4901616260258,-1.266119463764357,18727.413322679924,28436.30914614899
468,16051.834700000005,-700.2585344410905,-1.9265702101919386,20386.74078677399,30755.318694760103
469,15782.1384,-740.6060303967408,-1.9802214123985984,16277.11845999053,22878.003334122473
470,15927.851500000004,-738.7236469923848,-2.3928600549697876,17661.014194681185,22125.377554845327
471,15428.484499999999,-745.8899455985637,-2.7165646829990426,17910.32434698548,21616.62398398043
472,13968.846600000003,-747.0096737640073,-2.944612796860512,17245.580393781565,21219.74498895202
473,10083.497900000002,-780.4144940617109,-2.5956404787121397,16805.50178543245,21162.014253866793
474,9966.4911,-800.7376326744003,-2.2817201927454787,17757.229788115532,22295.072453046087
475,12057.8318,-842.5494847153172,-1.6887146499421861,18403.55102785669,22819.020172427397
476,12039.395499999997,-870.507474648832,-0.8325008311958024,15586.534485479799,18004.69114977904
477,14469.494799999997,-898.0221693250868,0.49050090112017863,9021.299691248421,10236.282616201073
478,14507.5756,-856.043267760614,0.0764975022863258,13642.473507043087,17045.53787878788
479,13278.071200000002,-821.4436522204467,0.9666160945639466,14974.409576724274,19557.084815439553
480,14859.411300000002,-915.1568578854956,0.4263585375038662,8872.794443458019,10896.691810684975
481,15508.09519999999,-880.0134511620107,-0.08583951843055812,9187.768093532986,11402.698826645359
482,16403.566500000004,-832.278518830887,-1.3002530129795724,11914.424454505997,14829.099052043875
483,15239.540099999997,-842.8063724402225,-0.6014604572996949,13210.048818260731,16903.74923058712
484,16065.731999999998,-849.7559888435133,-1.180681132231698,13217.686982125946,16448.862196180555
485,16858.621300000003,-846.9804582692155,-1.6139361966740002,13389.88145123106,15898.933455650253
486,15808.965500000002,-861.9261973987926,-1.0988232196882517,13133.57181680082,15616.347843671087
487,12920.045300000003,-850.9799761531328,-1.0393619010544786,14336.371902619949,17204.11086450442
488,13406.2936,-904.098277082347,0.2969286268708682,11512.478135850695,14042.323079427084
489,15634.219099999998,-861.6466409702493,-0.9231754060872276,8919.002680614742,11006.647707544193
490,16410.6841,-856.7437386560922,-1.2420061190772538,12683.40536221591,15470.750779277147
491,16508.669199999997,-843.2359095101405,-1.3185842737103954,13748.324425899622,16425.604482323233
492,16067.779500000006,-863.6395559599905,-1.742859332850485,13174.563777422663,15634.974308514837
493,15312.4188,-828.8219709300032,-1.0330060757320336,12293.719889322916,16671.470732717804
494,12245.880000000001,-898.3467290088383,0.010213909952929525,12139.413569286617,13595.494451349432
495,14222.939700000003,-907.6258014717488,0.3712648160454601,13875.46737393466,15230.56387606534
496,12592.7496,-952.666084058357,1.0741553201970429,14206.3089291351,14759.867078993055
497,16306.089799999998,-879.6505712644018,-1.2403252582357387,10334.385059086964,11284.464313545612
498,15513.5846,-874.2427731908933,0.00466578784916136,12807.022954150883,14850.69569720644
499,12783.9657,-954.7177198005445,1.0336141104650016,12023.449381510416,12349.467314749054
